"","apd_15_m","apd_15_sd","apd_7_m","apd_7_sd","apd_5_m","apd_5_sd"
"1",200,0,200,0,200,0
"2",189.676767676768,6.49933792990546,189.717171717172,7.9578486530279,190.090909090909,7.96816485810484
"3",185.181818181818,8.262731223556,185.111111111111,8.47070448470021,184.49494949495,8.58495805722788
"4",183.79797979798,9.2394228527895,182.131313131313,9.23353080436915,180.151515151515,10.1059324225858
"5",182.676767676768,9.72355469857024,179.131313131313,10.7063270104182,176.272727272727,11.4212638975158
"6",182.060606060606,10.7559363597913,176.868686868687,11.1754527504016,173.929292929293,12.2717965396789
"7",181.666666666667,11.2049551720729,175.717171717172,11.4660460633714,171.121212121212,13.0691041862117
"8",182.141414141414,11.902675141783,174.151515151515,12.5025414856044,168.212121212121,13.7783272045842
"9",181.555555555556,12.4435232085318,171.808080808081,13.677537646632,165.393939393939,14.9200715253922
"10",181.747474747475,12.8041315353426,170.474747474747,13.804275760514,163.464646464646,15.299935394897
"11",182.242424242424,13.0384759572417,168.484848484848,13.9088605119943,160.777777777778,15.2399552436241
"12",182.565656565657,13.6689441063635,167.525252525253,13.83159901505,158.626262626263,16.2597448699679
"13",182.111111111111,13.8474847704238,165.49494949495,13.8131656639848,156.232323232323,16.5466738027699
"14",182.242424242424,14.263619277007,164.525252525253,14.3863196314284,154.131313131313,17.6477127295472
"15",181.909090909091,15.3802755403059,163.838383838384,13.6693512906907,152.040404040404,17.3851444864481
"16",182.919191919192,15.173605418,162.979797979798,14.6056878758283,149.161616161616,17.836391983639
"17",182.949494949495,15.0335500562356,161.555555555556,15.034804670295,146.888888888889,18.1551639299749
"18",183.515151515152,14.7636921135517,159.929292929293,15.9080601603834,144.89898989899,18.2295426014774
"19",184.010101010101,15.3659409678167,158.636363636364,16.1848092960051,142.79797979798,18.0599793194786
"20",183.909090909091,15.3277731845749,157.939393939394,16.1995327356511,140.757575757576,18.2980376493815
"21",183.575757575758,16.1233073208024,157.383838383838,16.99742301639,138.676767676768,18.6765313187041
"22",183.49494949495,16.4883222357669,156.040404040404,17.4817217616988,137.050505050505,18.9851573267622
"23",183.111111111111,15.8338882824336,155.484848484848,18.2987473845659,135.161616161616,18.6168165534782
"24",183.474747474747,15.1989147265241,154.393939393939,18.2537768984261,132.69696969697,18.6473473221296
"25",183.40404040404,16.3675383011364,153.20202020202,18.4744610249624,131.49494949495,18.6445668276659
"26",183.131313131313,16.8563235059025,152.535353535354,18.9000124885571,129.121212121212,18.095705165993
"27",183.212121212121,17.4398515763629,151.010101010101,19.2048542702285,126.484848484848,17.9200968225585
"28",183.222222222222,17.4820932032306,149.808080808081,19.7441165443241,124.565656565657,17.7201382130336
"29",182.878787878788,18.2081349431403,149.363636363636,20.2602730532673,123.010101010101,18.4365956779926
"30",182.717171717172,18.4855378684673,148.111111111111,20.7614678853118,120.737373737374,18.5034943520527
"31",182.050505050505,18.944265050768,147.050505050505,20.9047273910315,118.444444444444,18.3153901061165
"32",181.151515151515,19.8696587670152,145.131313131313,21.2749956064393,117.30303030303,18.5183056402249
"33",180.343434343434,20.7591443416923,143.151515151515,20.3526880521025,115.484848484848,19.1627634432754
"34",180.383838383838,21.0139443842858,142.353535353535,20.1120905515396,114.525252525253,18.7002910783542
"35",180.383838383838,21.248148572747,141.262626262626,19.4535479470004,112.353535353535,18.715001693672
"36",180.49494949495,22.0034198350211,139.878787878788,19.7061436226105,110.626262626263,18.422804113373
"37",180.353535353535,21.8044711438625,139.040404040404,20.0305476872554,109.070707070707,18.5973733745851
"38",180.373737373737,22.0011993451312,138.111111111111,19.3827657979279,106.878787878788,18.7569158550472
"39",180.161616161616,22.2567151392549,136.929292929293,18.978641338251,105.525252525253,19.1744640104656
"40",179.59595959596,22.4358128400615,136.010101010101,19.265860123966,104.434343434343,19.1791562114419
"41",179.484848484848,23.3130267676389,134.535353535354,19.7284178804996,103.080808080808,19.6679978166526
"42",179.444444444444,23.7904209080909,132.89898989899,19.6679034861551,101.292929292929,19.0494804285311
"43",180.131313131313,24.1748083016465,132.292929292929,20.1915584125546,99.6262626262626,19.2542525695483
"44",180.858585858586,24.607121128338,131.474747474747,20.2667634994269,98.1616161616162,19.2389417326947
"45",180.757575757576,25.4787189747383,131.060606060606,20.6203872673991,96.7373737373737,19.0544792840809
"46",180.060606060606,26.3356738663792,129.787878787879,20.6887886070203,95.4848484848485,19.3434920956998
"47",180.474747474747,26.1632798583393,128.838383838384,20.9789530442002,94.0505050505051,19.768751747662
"48",180.242424242424,25.5279322444127,128.151515151515,20.9461718466127,92.0505050505051,19.9772185237686
"49",179.838383838384,25.1747796823576,126.373737373737,20.8950662366111,91.1414141414141,19.8329812413206
"50",180.121212121212,25.6603691605274,125,20.7014738704316,89.8787878787879,19.3460815666935
"51",180.555555555556,25.8655164903131,124.040404040404,20.641704956436,88.3030303030303,19.6112496586154
"52",180,25.9481429479834,123.343434343434,21.3446746291366,87.4141414141414,19.6671331034905
"53",180.575757575758,26.1920267152207,122.868686868687,21.7380727158814,85.8686868686869,19.1133282189427
"54",180.555555555556,26.2092140762429,121.575757575758,22.181114834191,84.5959595959596,19.2194200213621
"55",180.515151515152,26.6689315673912,120.222222222222,22.0877450348745,82.6969696969697,19.5961546339543
"56",180.50505050505,27.1662957963235,119.363636363636,22.2175948593858,81.4646464646465,19.607533501866
"57",179.525252525253,27.8283160131809,118.757575757576,22.4176911321334,80.3232323232323,19.3337118509424
"58",179.939393939394,29.0126004229613,117.252525252525,22.6505590480827,79.1010101010101,18.9130637010803
"59",180.080808080808,29.6213094722456,116.79797979798,22.7394199654902,77.9090909090909,19.4585330471954
"60",179.585858585859,29.5593522964202,116.606060606061,22.3505550229301,75.8989898989899,18.5579593735988
"61",178.979797979798,29.6799182427706,115.505050505051,22.499602598474,74.9292929292929,18.4043320794553
"62",179.838383838384,29.7827874789186,114.343434343434,22.7435398390721,73.4747474747475,18.4602957470414
"63",179.858585858586,29.9836724619638,113.131313131313,22.7024436627005,72.3030303030303,18.3733694517167
"64",179.616161616162,30.6430093471768,111.838383838384,22.9776764205587,71.0606060606061,18.1151747088176
"65",180.111111111111,30.6836687562728,110.717171717172,22.0731808846884,70.2727272727273,18.2699810561535
"66",179.656565656566,30.6684580423792,109.878787878788,22.3356915470087,69.1212121212121,18.0414900100041
"67",180.121212121212,31.1861667159357,108.606060606061,22.2370430890267,67.7676767676768,17.7935027598807
"68",180.49494949495,30.9619166130678,107.414141414141,22.1893567523225,66.969696969697,17.7214585394199
"69",180.333333333333,30.1303291501085,106.707070707071,22.3621639844264,65.959595959596,17.9295214272606
"70",180.828282828283,30.464445788908,105.484848484848,22.178019839639,65.1010101010101,17.7018936779547
"71",180.919191919192,30.3663605392804,104.686868686869,22.3737484952227,63.7777777777778,17.6111951613551
"72",180.838383838384,30.5004874737582,103.89898989899,22.3987494865477,62.6666666666667,16.9242007618845
"73",180.858585858586,31.2498196242991,103.040404040404,22.2627717033778,61.5454545454545,16.4944472581686
"74",181.111111111111,31.9236617794058,102.707070707071,21.6357850422144,61.020202020202,16.3775479700043
"75",180.717171717172,32.2522077725682,102.161616161616,21.6171261804187,59.8686868686869,16.6755634881058
"76",179.737373737374,32.6991811226763,101.59595959596,21.5926665517411,58.8585858585859,16.3020031954321
"77",179.424242424242,32.6456206736083,100.59595959596,21.8911589609005,57.979797979798,16.2825684919016
"78",180,33.2335581567051,99.6464646464647,21.9001971528322,57.3131313131313,16.3192927421819
"79",180.848484848485,33.8681005885599,98.7575757575758,21.8328954716346,56.4040404040404,16.3469520293972
"80",180.40404040404,34.1482121299464,98.2626262626263,22.436116046153,55.6262626262626,16.0646562611052
"81",180.646464646465,34.4419989024178,97,22.5202856399763,54.7979797979798,16.1586394393278
"82",180.636363636364,34.3019171670594,96.3636363636364,22.1808220829297,53.7070707070707,15.7189944407918
"83",180.121212121212,34.3998910556156,95.2323232323232,21.5793875018657,53,15.5169426822452
"84",180.151515151515,34.1916458457336,94.5454545454545,21.3815067562796,51.8787878787879,15.3857028301275
"85",179.313131313131,33.8886671998859,93.3333333333333,21.2785222749157,51.2727272727273,15.894947330814
"86",179.30303030303,34.3711597618792,92.5656565656566,20.8136344717031,50.4747474747475,15.5650992604159
"87",179.121212121212,34.1611644663856,91.7070707070707,20.8107372822215,49.6767676767677,15.5778677923418
"88",178.69696969697,34.5423297092708,90.8686868686869,20.7288847395079,48.7272727272727,15.5693433609182
"89",178.757575757576,34.6319101729365,89.9494949494949,20.8866590256203,47.7272727272727,15.2929343307708
"90",178.959595959596,35.1509628259339,89.4242424242424,20.8454423683564,47.1414141414141,15.3676111171901
"91",179.787878787879,35.0341736161244,89.020202020202,20.8517506718554,46.6969696969697,15.5848268344007
"92",179.828282828283,35.7094397866779,87.8888888888889,20.6505862390911,45.8888888888889,15.7757815478889
"93",179.464646464646,36.7307670431454,87.3434343434343,19.9985517925478,45.4747474747475,15.9625476422625
"94",178.939393939394,36.888363903346,86.2222222222222,20.4133587491011,44.8888888888889,15.2622576290832
"95",179.131313131313,37.5840952207741,85.5353535353535,20.6196424736484,44.2424242424242,15.7603810356733
"96",178.444444444444,37.2400437926435,85.3636363636364,21.1430765169384,43.6060606060606,15.4191890664093
"97",178.555555555556,37.850463621624,84.6262626262626,21.5333561175546,42.7676767676768,15.3349196565892
"98",178.333333333333,38.5274881991907,84.020202020202,21.1423647616314,42.2424242424242,15.508451224065
"99",178.353535353535,38.7802056417786,83.3636363636364,21.4530596007601,41.7676767676768,15.5876902523966
"100",177.888888888889,38.5780123716704,82.8383838383838,22.0896628657984,41.0909090909091,15.7422419565379
"101",176.989898989899,38.7868310677143,82.3333333333333,22.0851783339147,40.6464646464646,15.7190337835384
"102",176.888888888889,39.06506578875,82.010101010101,23.0383420204432,40.2020202020202,15.2301927560797
"103",176.424242424242,39.0873148453329,81.1111111111111,23.0043868437947,39.7676767676768,15.193196841409
"104",176.343434343434,38.9416522233052,79.9191919191919,22.93499098725,39.0808080808081,15.2500764586084
"105",177.090909090909,39.245197524754,80,23.1216834356402,38.5151515151515,14.9954847873425
"106",177.393939393939,40.3423659879598,79.1818181818182,23.7716018350329,37.6868686868687,14.8507173362416
"107",178.010101010101,41.2900380705473,78.1111111111111,23.3901640276983,37.2525252525253,14.6519786463094
"108",177.212121212121,40.6835153717764,77.969696969697,22.8685036701424,36.8282828282828,14.768997039469
"109",177.070707070707,41.3578836660157,77.1010101010101,22.7562482783076,36.5050505050505,14.6199289044404
"110",177.929292929293,42.2312034085187,76.8282828282828,22.3839594553507,35.8080808080808,14.6382757764598
"111",177.888888888889,42.028146275622,76.010101010101,22.9713641388111,35.0909090909091,14.590387462572
"112",178.161616161616,42.1636043532244,75.7474747474748,22.513190434899,34.2626262626263,14.3786873592558
"113",178.727272727273,42.4455998012289,75.6464646464647,22.7180199676664,34.0707070707071,14.2680265681001
"114",178.30303030303,42.784809087838,74.6969696969697,22.2478866437088,33.7474747474747,14.452133120107
"115",178.656565656566,43.6285718065679,74.3939393939394,21.9497655521012,33.2929292929293,14.0736057237077
"116",178.434343434343,43.8332092946036,74.1010101010101,21.9193768296897,33.040404040404,13.8938535756652
"117",178.454545454545,44.349095825694,73.7575757575758,21.8576521458364,32.5757575757576,13.9504157710632
"118",178.484848484848,45.1302793590714,73.4242424242424,22.2656003136764,32.2727272727273,14.0587819760231
"119",177.686868686869,45.3853447677404,73.040404040404,21.651657424383,32,14.3882037851591
"120",177.89898989899,45.6601230364525,72.6262626262626,21.2365615892593,31.5353535353535,14.1942163640711
"121",178.131313131313,45.9912694609035,71.9090909090909,21.2262308405363,31.010101010101,14.3921002633282
"122",178.181818181818,46.3267815249063,71.3535353535353,21.6098584509871,30.7474747474747,14.6652048520963
"123",177.888888888889,46.8701830480415,70.4040404040404,21.4180541770966,30.2020202020202,14.82963098195
"124",178.171717171717,47.1220820899355,69.9292929292929,21.5739130665986,29.8181818181818,14.7013560643184
"125",178.515151515152,47.1052585210394,68.969696969697,21.2182317376001,29.2020202020202,14.6774711426201
"126",177.656565656566,47.1891897029354,68.8181818181818,20.4646851800272,28.5959595959596,14.7696041923388
"127",178.252525252525,47.8957932272152,68.1616161616162,20.8594456021908,28.2929292929293,14.7082182533721
"128",178.757575757576,48.9885640359868,67.6666666666667,21.1578132429722,27.7474747474747,14.7048120919674
"129",178.767676767677,48.8443651383863,67.2828282828283,21.0155629426562,27.2424242424242,14.9339299399333
"130",178.525252525253,48.8586765495165,67.1919191919192,21.6298531266192,26.959595959596,14.9071405927298
"131",179.161616161616,49.0072270952505,66.7171717171717,21.9103183240693,26.5656565656566,14.4117027390948
"132",179.434343434343,48.9758711137458,65.989898989899,21.7483262079369,26.020202020202,14.4250206366208
"133",180.191919191919,49.65835868306,65.1212121212121,21.6277753803651,25.5252525252525,14.3415647072384
"134",180.080808080808,49.2394558831317,64.6363636363636,21.7811257675804,25.3535353535354,14.3016433559175
"135",179.79797979798,49.3913939041561,64.3131313131313,21.281229855825,24.8484848484848,14.1135075236337
"136",179.737373737374,48.458184342452,64.4040404040404,21.3674935223325,24.3636363636364,14.0534363184317
"137",179.111111111111,48.1458008614414,63.979797979798,21.2530813122449,24.2121212121212,14.2351051602696
"138",178.565656565657,48.4064765476522,63.3333333333333,21.0203982563876,23.8282828282828,14.0480519413819
"139",178.606060606061,48.8763158248301,62.2020202020202,20.4335557345943,23.5050505050505,13.7524570994762
"140",178.545454545455,49.8334517448017,61.4747474747475,20.6557515014255,23.2626262626263,13.8310401121313
"141",177.909090909091,49.7815823063131,60.969696969697,20.4562522478993,22.7777777777778,13.4585952776682
"142",178.444444444444,49.8295507403401,60.1414141414141,20.3735573426961,22.4343434343434,13.3563113692012
"143",178.787878787879,49.7159836999175,59.4242424242424,20.7880906393643,22.1818181818182,13.3457656942794
"144",178.686868686869,49.237998944868,59.1818181818182,20.6439019193659,22.0606060606061,13.166762561983
"145",179.050505050505,49.4119240622973,58.5555555555556,20.325023393928,21.6969696969697,13.0903099739219
"146",179.272727272727,49.6996731771413,57.7979797979798,20.6239309174896,21.4040404040404,13.1629653565579
"147",179.606060606061,49.0782004439101,57.2121212121212,20.3917113649963,21.1515151515152,13.2459956493317
"148",179.131313131313,48.5612692031977,56.9191919191919,19.8008847296033,21.010101010101,13.2484076436277
"149",178.59595959596,48.0864271214287,56.969696969697,20.0109432028183,20.7373737373737,12.9863239355445
"150",178.272727272727,48.4605495310715,56.5555555555556,19.5892631057154,20.5858585858586,12.9709330467105
"151",178.060606060606,48.1222546382199,55.989898989899,19.2912663698617,20.2727272727273,12.8275995351049
"152",178.060606060606,48.4696029679823,55.8282828282828,19.5636274358771,19.989898989899,12.7443424418605
"153",177.606060606061,48.3454444980142,55.3232323232323,19.6737825559225,19.6565656565657,12.815935246723
"154",177.838383838384,49.1066534148507,54.7474747474747,20.0546922772088,19.6464646464646,12.6791755440083
"155",177.79797979798,49.5747178402294,53.9393939393939,19.6275619317338,19.3535353535354,12.6324114485869
"156",177.010101010101,48.8196378497999,53.3636363636364,19.3028783649626,18.6969696969697,12.2144565948402
"157",177.090909090909,49.3473922370138,52.9393939393939,18.8884038401592,18.4040404040404,12.0855109674887
"158",177.666666666667,48.9468683203261,52.4242424242424,18.565433597827,18.2929292929293,12.0180582876417
"159",176.828282828283,48.8274848169742,52.3535353535354,18.9118865177288,18.1212121212121,12.0121305415993
"160",176.818181818182,49.2959334408361,52.020202020202,18.7833946411315,17.969696969697,11.8196088763067
"161",176.373737373737,49.5985076015163,51.6363636363636,18.7183499106258,17.6666666666667,11.6417615610739
"162",176.909090909091,49.03873748023,51.3636363636364,18.6385898484807,17.3535353535354,11.5681769076019
"163",177.242424242424,49.5096549868833,50.8383838383838,18.6551448671521,17.0707070707071,11.3499550707126
"164",176.373737373737,48.9592887642138,49.8383838383838,18.4776241243223,16.7373737373737,11.3133349696014
"165",175.949494949495,49.3151824404014,49.5757575757576,18.7845414675129,16.3838383838384,11.0626297485365
"166",175.59595959596,49.1449167325718,48.9191919191919,18.5959600438533,16.3030303030303,11.1953475627196
"167",175.888888888889,49.3043213093258,48.7575757575758,18.8923323767741,15.969696969697,11.1570006808707
"168",175.979797979798,49.7944714163354,48.4545454545455,18.8350913962084,15.8282828282828,11.0868927982186
"169",175.858585858586,49.6169017657989,47.7272727272727,18.5107901141294,15.3434343434343,10.4560905170746
"170",175.818181818182,49.0211040842623,47.030303030303,18.3183049665085,15.1616161616162,10.5344014394696
"171",175.818181818182,50.4144787342707,46.5252525252525,18.4027190949773,14.979797979798,10.4344208624284
"172",176.222222222222,50.9632832127961,46.2828282828283,18.5153220631688,14.6767676767677,10.3901722431052
"173",175.545454545455,50.8898916884954,45.7474747474747,18.293158883183,14.2727272727273,10.0415648242064
"174",176.666666666667,51.6149400931196,45.2323232323232,18.3101556981467,14.1414141414141,9.75203809259325
"175",176.282828282828,51.2962664043031,44.979797979798,18.7213616927894,13.8282828282828,9.66483253023865
"176",175.79797979798,51.2168219730588,44.7171717171717,18.8067727726815,13.8181818181818,9.52479432137849
"177",175.979797979798,51.2628241392755,44.3737373737374,18.9524570904951,13.4040404040404,9.4931975558863
"178",175.676767676768,51.3830807305658,44.0909090909091,19.2184493147361,13.2828282828283,9.21073065864651
"179",175.313131313131,51.4822431176164,43.8080808080808,19.2908335891644,12.959595959596,8.9133231988597
"180",175.838383838384,52.1741016117577,43.4343434343434,19.327553355176,12.7171717171717,8.86755195267993
"181",174.909090909091,51.6285973019721,42.8282828282828,18.9144369890586,12.3434343434343,8.70393016572565
"182",174.525252525253,51.4877325263104,42.5353535353535,18.7944374810974,12.3434343434343,8.93989181343663
"183",174.121212121212,51.2772123329478,42.3333333333333,18.9655972105025,12.2222222222222,8.96655413023986
"184",174,50.4119762252857,41.6969696969697,18.818387960116,11.8080808080808,8.78156320945005
"185",173.323232323232,49.9411548179206,41.5252525252525,18.9027281447185,11.6161616161616,8.776949252314
"186",173.161616161616,50.1352674497636,40.7979797979798,18.7159103972953,11.4242424242424,8.74128243182176
"187",174.181818181818,50.4721308503896,40.7373737373737,18.6178463092708,11.4141414141414,8.95796316705126
"188",174.090909090909,50.6081567413491,40.4242424242424,18.6591832777775,11.2828282828283,8.859493241186
"189",173.787878787879,50.9658294344784,40.2525252525253,18.860034104295,11.1919191919192,8.97010541616301
"190",174.414141414141,50.9579678937195,39.7979797979798,18.8987526842381,11.1010101010101,8.65376519386268
"191",174.646464646465,51.2188806727923,39.4545454545455,18.7781205332341,10.9393939393939,8.76078714874852
"192",174.818181818182,52.1607334594504,39.3535353535354,18.8155998734621,10.6060606060606,8.74796557319237
"193",175.323232323232,51.6498865563344,38.8989898989899,18.7461533194255,10.4545454545455,8.82282837624003
"194",174.939393939394,51.69451440953,38.7575757575758,18.8712560331092,10.2727272727273,8.6753441169391
"195",175.131313131313,51.947117235458,38.4646464646465,18.7514968824604,10.0808080808081,8.52688038712052
"196",175.424242424242,52.2212895261824,38.1313131313131,18.697727933916,9.98989898989899,8.39520629676264
"197",175.50505050505,52.4844726770814,37.4242424242424,18.4496506847585,9.8989898989899,8.49669197273202
"198",175.444444444444,52.5588537410774,37.1818181818182,18.679555361336,9.72727272727273,8.40774446423541
"199",175.353535353535,52.9046722853345,37,18.4008651083229,9.49494949494949,8.31935748276239
"200",175.545454545455,53.4387447776773,36.9292929292929,18.749831305501,9.42424242424242,8.24137261835117
"201",175.373737373737,53.56468259594,36.6464646464646,18.652741294027,9.31313131313131,8.126106159737
"202",175.434343434343,53.8545208941458,36.0505050505051,18.3538761614675,9.14141414141414,8.11273891319544
"203",175.676767676768,53.7015236136282,35.8080808080808,18.1398629518464,9.03030303030303,8.05143483911161
"204",175.727272727273,53.1959830810135,35.0909090909091,17.8554804420991,8.95959595959596,7.94614422209608
"205",174.838383838384,53.5239231407954,35.0808080808081,17.8060278532797,8.78787878787879,7.82235510138069
"206",175.10101010101,53.5722847454431,34.9191919191919,18.2559337670712,8.64646464646465,7.72395311090452
"207",175.151515151515,53.0533739018997,34.7979797979798,18.7534920818735,8.49494949494949,7.73723271916287
"208",174.50505050505,52.4446012352264,34.2323232323232,19.0396087052638,8.45454545454546,7.71729138175254
"209",174.181818181818,52.8684087678083,33.8484848484849,18.9883764855883,8.31313131313131,7.75340144532558
"210",174.686868686869,53.3574099179866,33.8181818181818,19.4502838950813,8.36363636363636,7.71224119131073
"211",174.868686868687,53.1642903139374,33.5252525252525,19.6641927943129,8.23232323232323,7.62759261086431
"212",173.777777777778,53.2496154159832,33.3131313131313,19.643582565642,8.16161616161616,7.58584486127471
"213",174.111111111111,53.5967347636427,32.969696969697,19.3846428514601,7.88888888888889,7.42567098444046
"214",174.454545454545,54.490267381727,32.7474747474747,19.6148337423926,7.77777777777778,7.4416856159916
"215",174.090909090909,54.4548288575018,32.6565656565657,19.625140902217,7.61616161616162,7.44600573750796
"216",174.212121212121,54.6747848324523,32.3636363636364,19.6927701150751,7.49494949494949,7.3072144073773
"217",174.969696969697,54.9154181809523,32.010101010101,19.5440345037449,7.3030303030303,7.0861384456205
"218",174.535353535354,54.4831584409372,31.9090909090909,19.4065478688387,7.22222222222222,7.14222219400102
"219",173.89898989899,55.0366287954973,31.5252525252525,19.2927730121101,7.01010101010101,7.10776371946435
"220",173.747474747475,55.355869742843,31.3939393939394,19.4568167487976,6.90909090909091,7.05964517390549
"221",174.333333333333,55.879973412408,31.2525252525253,19.0762933519021,6.86868686868687,7.23603012235027
"222",174.737373737374,55.6038439903371,30.8484848484848,19.0821872470079,6.70707070707071,7.03526470681448
"223",175.343434343434,56.4025548734115,30.4949494949495,19.1008995072803,6.61616161616162,6.97328293649334
"224",175.252525252525,56.5370283999144,30.1919191919192,18.9207136076305,6.26262626262626,6.5380922427893
"225",174.636363636364,56.1520266131542,29.7676767676768,18.8299740875911,6.26262626262626,6.65411620127869
"226",174.50505050505,56.0803675745206,29.4545454545455,18.8068988249985,6.23232323232323,6.77605068715272
"227",174.989898989899,56.7129353832581,29.4141414141414,18.673898678566,6.17171717171717,6.89282443225459
"228",174.979797979798,56.9046785849523,28.979797979798,18.4119414433642,6.07070707070707,6.71314963831271
"229",174.252525252525,56.9730232321499,28.7474747474747,18.4115887609105,5.97979797979798,6.62706232510395
"230",173.979797979798,56.7205789595786,28.4040404040404,18.1118515669167,5.88888888888889,6.53544322449439
"231",173.434343434343,57.3571271332769,28.2525252525253,18.0714813293095,5.74747474747475,6.60448739586282
"232",173.49494949495,57.0687687092268,28.1818181818182,17.8533502466016,5.65656565656566,6.4778454722602
"233",173.545454545455,57.110217951205,28.010101010101,17.7197543111307,5.4040404040404,6.39980738217668
"234",173.464646464646,57.2920041312375,27.7171717171717,17.5882848324606,5.38383838383838,6.40425093312481
"235",173.89898989899,58.0577641539968,27.4545454545455,17.7328662503992,5.28282828282828,6.33268232177958
"236",174.191919191919,58.2005113883972,27.6060606060606,18.3196215660373,5.22222222222222,6.4008219426844
"237",172.89898989899,58.167859655728,27.3434343434343,17.8000009264857,5.09090909090909,6.67937872751117
"238",172.818181818182,58.639918777327,27.0707070707071,17.8384201993684,5.09090909090909,6.51229748651547
"239",172.848484848485,57.9574727333764,26.6969696969697,17.7352724445593,4.97979797979798,6.54806373932643
"240",172.656565656566,58.0875766717388,26.4646464646465,17.6717883848997,4.95959595959596,6.46642694121769
"241",172.363636363636,57.3237235046525,26.020202020202,17.5731589147906,4.7979797979798,6.54650521813099
"242",171.878787878788,57.3637289809284,25.6666666666667,17.6120320653066,4.86868686868687,6.78029327017052
"243",171.666666666667,56.7009700093393,25.4545454545455,17.4246322991525,4.86868686868687,6.63731945009285
"244",171.131313131313,56.4134964428828,25.1515151515152,17.5710590183924,4.68686868686869,6.45335929708511
"245",171.767676767677,55.7450150206237,24.6363636363636,17.4182958850712,4.71717171717172,6.50281007395783
"246",172.181818181818,56.2645652138297,24.4747474747475,17.451006306487,4.60606060606061,6.28866518690764
"247",171.414141414141,56.4734017401311,24.2929292929293,17.3247802502496,4.36363636363636,6.07849092687091
"248",171.434343434343,56.7912686620769,23.989898989899,17.1544573546513,4.28282828282828,5.95397381284885
"249",171.626262626263,56.6999956553621,24.010101010101,17.1627830324299,4.26262626262626,6.06526722426574
"250",171.333333333333,56.2820883531142,23.8282828282828,17.1250147648025,4.23232323232323,6.28218778157945
"251",171.525252525253,56.6349469227771,23.7373737373737,17.2972723215846,4.25252525252525,6.11512583404402
"252",171.383838383838,56.1411681081276,23.4343434343434,16.6875008927075,4.09090909090909,5.85730123320879
"253",170.767676767677,56.6508872497172,23.2424242424242,16.8372103154275,3.94949494949495,5.79122090221393
"254",171.565656565657,57.2611564062663,23.1717171717172,16.9639716686964,3.84848484848485,5.57941485550861
"255",172.161616161616,58.0138454745858,22.7373737373737,16.572405056566,3.65656565656566,5.2686241401175
"256",172.212121212121,58.3833692994903,22.6767676767677,16.4029789994903,3.55555555555556,5.22009895563063
"257",171.585858585859,58.4441142618942,22.4949494949495,16.0626158297253,3.47474747474747,5.16136240980773
"258",172.191919191919,58.5973247226054,22.3636363636364,16.1374545608393,3.36363636363636,4.9599509244086
"259",172.69696969697,58.8450845042761,22.2727272727273,16.0419209635371,3.36363636363636,4.9702267542707
"260",172.010101010101,58.8730032287581,22.0606060606061,15.6504014304766,3.17171717171717,4.80442059205003
"261",171.757575757576,58.7928030631493,22.040404040404,15.6830333331586,3.08080808080808,4.77381627100602
"262",171.565656565657,58.6585000219033,21.9090909090909,15.6518831814036,3.11111111111111,4.83796400271953
"263",171.747474747475,58.7591666204123,21.7575757575758,15.7266775225988,3.24242424242424,5.35874434936537
"264",171.232323232323,59.3527724509036,21.3636363636364,15.2780050956646,3.13131313131313,5.27149915679894
"265",171.858585858586,58.8632122565824,21.4343434343434,15.4266940763648,3.17171717171717,5.37006138383266
"266",171.585858585859,58.6203645921669,21.020202020202,15.1165403381695,3.22222222222222,5.36914000554027
"267",171.757575757576,58.9275049096719,20.989898989899,15.0539810650891,3.07070707070707,5.10552426949261
"268",171.666666666667,58.6160109073782,21,15.0047611491439,3.08080808080808,5.4803485061176
"269",172.151515151515,58.621818678986,20.8686868686869,15.0323776173139,3.01010101010101,5.33661772710048
"270",172.59595959596,59.1666479395826,20.5555555555556,14.8160298065651,2.98989898989899,5.16166194857097
"271",172.030303030303,58.9928142537776,20.2626262626263,14.6103023887087,2.8989898989899,5.21476504547317
"272",171.69696969697,58.7056744720079,20.1212121212121,14.4901604385934,2.86868686868687,5.34454989350961
"273",171.989898989899,59.0750983398864,19.969696969697,14.5444109087562,2.81818181818182,5.28062232797295
"274",172.040404040404,58.7405084285736,19.6666666666667,14.2999928642768,2.76767676767677,5.27572082864528
"275",171.878787878788,58.8105350702616,19.5454545454545,14.2207614303393,2.64646464646465,4.99042579532402
"276",171.50505050505,58.8641420487046,19.2323232323232,14.1109512275933,2.51515151515152,4.62769752853235
"277",171.171717171717,58.3139008183631,19.0808080808081,14.0383416426242,2.46464646464646,4.55871699484005
"278",171.454545454545,58.2540657646109,19.020202020202,14.3505527149332,2.36363636363636,4.42039462975262
"279",171.424242424242,59.0465210762322,18.969696969697,14.3743355093655,2.39393939393939,4.38880343001482
"280",171.545454545455,59.7478157276905,18.8282828282828,14.30216224843,2.39393939393939,4.42815247285141
"281",171.363636363636,59.9577154650241,18.4949494949495,14.0213930844276,2.50505050505051,4.64312908516496
"282",171.454545454545,59.2515000632073,18.5151515151515,14.1156763603258,2.38383838383838,4.34179279886864
"283",171.666666666667,59.0389010461297,18.5656565656566,14.1905125075801,2.3030303030303,4.15872465108742
"284",171.323232323232,59.3704778355798,18.4444444444444,14.4110375939815,2.35353535353535,4.28645977162243
"285",171.131313131313,59.3020023175469,18.1111111111111,14.1052088286481,2.32323232323232,4.14243417256649
"286",171.050505050505,59.1468897412945,17.989898989899,13.9346103754724,2.2020202020202,3.94083746921532
"287",170.191919191919,58.9511518240412,17.7777777777778,13.8169930539229,2.26262626262626,4.09974080461406
"288",170.242424242424,58.7304619546792,17.5151515151515,13.3595212827923,2.15151515151515,4.06167663270301
"289",170.555555555556,59.0302969983958,17.4444444444444,13.2543579450363,2.15151515151515,4.13882472809252
"290",169.707070707071,58.7235398555675,17.4040404040404,13.2664370068038,2.15151515151515,4.29371547483642
"291",169.525252525253,58.7143454004465,17.1717171717172,12.7623812665451,2.16161616161616,4.39086963332766
"292",169.020202020202,58.8267917232324,16.8383838383838,12.6931663043843,2.09090909090909,4.30730492253948
"293",168.666666666667,58.4535398973459,16.6565656565657,12.5056408628688,2.13131313131313,4.37909333791514
"294",169.212121212121,58.9775593309711,16.3838383838384,12.1518513502643,2.1010101010101,4.18084785243413
"295",168.939393939394,59.0430175556596,16.5050505050505,12.3374109490604,2.21212121212121,4.3875350507879
"296",169.171717171717,58.9240327956156,16.1111111111111,12.1427637718166,2.22222222222222,4.49388599520153
"297",169.40404040404,59.8482637792117,16.3333333333333,12.174748038293,2.25252525252525,4.48658643555917
"298",168.939393939394,59.8189134962667,16.3131313131313,12.470083763729,2.21212121212121,4.33842049521724
"299",168.858585858586,59.6558172576127,16.020202020202,12.4507026258416,2.13131313131313,4.07993213390551
"300",168.292929292929,60.123724904847,15.7676767676768,12.3567946134483,2.14141414141414,4.09830751779442
"301",168.444444444444,60.2806738282529,15.6868686868687,12.326052105317,2.1010101010101,4.01145031916914
"302",168.565656565657,60.3567897903725,15.5252525252525,12.3893827442096,2.08080808080808,4.01191279046559
"303",168.242424242424,60.2389952536156,15.6565656565657,12.4901280333315,2.01010101010101,3.77287566797786
"304",168.49494949495,59.9296141127365,15.4747474747475,12.4829217491244,1.97979797979798,3.67834201220759
"305",168.222222222222,60.3418079514367,15.3131313131313,12.4937914905409,1.96969696969697,3.68796870547213
"306",168.424242424242,60.5239185151658,15.1010101010101,12.5458302280934,2.05050505050505,3.81557960230223
"307",168.171717171717,60.8509454262309,14.9393939393939,12.3468728436271,2.06060606060606,3.73570249060739
"308",168.181818181818,61.1091969490888,14.969696969697,12.0969337871253,2.13131313131313,3.84826084399138
"309",168.060606060606,61.0217121248605,14.7474747474747,11.9046753243605,2.14141414141414,3.8677370407685
"310",168.343434343434,61.7356381077796,14.6565656565657,11.7231339546038,2.15151515151515,3.92886657687045
"311",168.414141414141,61.5220236160721,14.5656565656566,11.7457431421976,2.06060606060606,3.74933512968056
"312",168.414141414141,61.3782202448782,14.4242424242424,11.5370661826955,2.08080808080808,3.84037829683368
"313",169.050505050505,61.7239367019572,14.3333333333333,11.4713485142198,2.09090909090909,3.89686139822259
"314",168.454545454545,61.7050708608648,14.1515151515152,11.4038694080917,2.09090909090909,3.84678744602773
"315",167.969696969697,61.2807947651635,14.1111111111111,11.4703601075874,2.06060606060606,3.95850461823855
"316",167.050505050505,61.3511761172254,13.8686868686869,11.2446327011878,2.06060606060606,3.89352728653381
"317",166.343434343434,60.3021578143313,13.6868686868687,11.0524228248338,2.06060606060606,3.88565698964633
"318",166.969696969697,60.329614101719,13.6868686868687,11.108597942949,1.97979797979798,3.65328981732679
"319",166.858585858586,59.7281272578917,13.7474747474747,11.2742649286097,1.88888888888889,3.44605331454869
"320",166.878787878788,60.0481563086394,13.5959595959596,10.9711301967605,1.87878787878788,3.38144012090709
"321",166.969696969697,59.9832382276464,13.5050505050505,10.8283205185534,1.85858585858586,3.39570587477203
"322",166.171717171717,59.6038007971825,13.5151515151515,10.9864142786124,1.76767676767677,3.25397177348207
"323",166.656565656566,60.4216749891386,13.2020202020202,10.86370083706,1.75757575757576,3.23908184613123
"324",166.212121212121,60.6125656682104,13.1414141414141,10.7703391842162,1.68686868686869,3.12869035862163
"325",165.888888888889,60.0978604816105,12.9090909090909,10.5734466308256,1.58585858585859,3.04728082538803
"326",165.555555555556,60.1905515370234,12.6161616161616,10.1847295363557,1.61616161616162,3.22207649710641
"327",165.89898989899,59.7758559800942,12.4444444444444,10.1067993098829,1.66666666666667,3.37154963463027
"328",165.636363636364,60.2182178932071,12.4848484848485,10.3611949082038,1.63636363636364,3.30261042533347
"329",165.121212121212,60.159697799541,12.5454545454545,10.573622096049,1.67676767676768,3.46948294338721
"330",165.171717171717,59.9062261089202,12.5050505050505,10.472874327571,1.62626262626263,3.42733864320723
"331",164.575757575758,58.9496656460184,12.3535353535354,10.2671589887499,1.56565656565657,3.29242053554678
"332",164.959595959596,59.3679153353363,12.2020202020202,10.0396965134022,1.53535353535354,3.23978183730467
"333",164.414141414141,59.5248207706308,11.9494949494949,9.93280869230005,1.60606060606061,3.28825424130694
"334",163.555555555556,60.0223125557084,11.9494949494949,9.86166949621236,1.57575757575758,3.23908184613123
"335",162.929292929293,59.6048642935636,11.9090909090909,9.94073346479936,1.54545454545455,3.21435786354812
"336",162.777777777778,59.9095501152474,11.8787878787879,9.91831199355436,1.53535353535354,3.28047138011875
"337",162.050505050505,60.1715869176749,11.7474747474747,9.95227738714523,1.5050505050505,3.17957042848057
"338",162.313131313131,59.5638307016089,11.6363636363636,9.849328730317,1.4949494949495,3.17635954299931
"339",162.424242424242,59.6140804674655,11.4040404040404,9.74880337180027,1.43434343434343,3.07445570481172
"340",162.848484848485,59.908495468619,11.4343434343434,9.76160911810788,1.4040404040404,2.94825853793627
"341",162.434343434343,60.3192461951765,11.2929292929293,9.69246764693007,1.37373737373737,2.89470261623644
"342",162.272727272727,59.4005459642707,11.3030303030303,9.7357478727589,1.41414141414141,2.9692646688491
"343",162.59595959596,59.0191804160134,11.2020202020202,9.63410163141772,1.38383838383838,2.95789179855874
"344",162.787878787879,59.5435482423686,11.1919191919192,9.71709703823865,1.38383838383838,2.95789179855874
"345",162.646464646465,59.3397882711728,11.1212121212121,9.78678067940579,1.36363636363636,2.86945399575707
"346",162.909090909091,59.8157188591302,10.979797979798,9.71006189473516,1.31313131313131,2.85587995176748
"347",162.979797979798,59.6696654546427,10.9191919191919,9.75796562905882,1.26262626262626,2.75379463088647
"348",162.444444444444,59.6762049154148,10.8787878787879,9.56638750753603,1.27272727272727,2.87429914019224
"349",162.20202020202,59.9327820414177,10.5757575757576,9.23512693866651,1.21212121212121,2.69645544839104
"350",161.69696969697,59.6105480573963,10.3636363636364,9.10534104916018,1.17171717171717,2.70313651546361
"351",162.020202020202,59.6205655173769,10.2727272727273,8.98958374761997,1.17171717171717,2.76656570439651
"352",162.222222222222,59.411494035942,10.1515151515152,8.99020287206526,1.14141414141414,2.67646622418175
"353",162.171717171717,59.745726583417,10.1313131313131,9.18810951291703,1.12121212121212,2.69645544839104
"354",162.808080808081,59.5389902719692,10.2020202020202,9.1495285904881,1.08080808080808,2.62902468016442
"355",163,59.959680330253,10.1616161616162,9.06744239833279,1.11111111111111,2.71010538573947
"356",162.939393939394,60.353181303942,10.1919191919192,9.12014675821407,1.09090909090909,2.69197942911034
"357",163,60.2211909275688,10,9.17739014077087,1.12121212121212,2.78945802384448
"358",163.858585858586,61.7387534335673,10.040404040404,9.15280618496728,1.1010101010101,2.84818219684548
"359",163.414141414141,61.5404313922074,9.96969696969697,8.94707174244057,1.07070707070707,2.77838789424153
"360",163.626262626263,61.9292858516356,9.92929292929293,8.89307518407684,1.01010101010101,2.67450147746419
"361",162.878787878788,62.2282291619986,9.96969696969697,8.92080181425843,1.07070707070707,2.84013698021382
"362",163.343434343434,61.763565248183,9.83838383838384,9.01552750186471,1.07070707070707,2.89352734829959
"363",163.10101010101,61.7581680873056,9.77777777777778,9.0436081335141,1.05050505050505,2.93943538023309
"364",163.313131313131,62.1831800974637,9.82828282828283,9.31209483878568,1.02020202020202,2.84274873440033
"365",162.979797979798,62.4252989985696,9.72727272727273,9.32718014326199,0.98989898989899,2.81937520034228
"366",162.828282828283,61.9280425754384,9.68686868686869,9.27653003458626,0.97979797979798,2.96916052858138
"367",162.777777777778,62.2466383905967,9.54545454545454,9.11297877695539,0.94949494949495,2.89042662402141
"368",162.59595959596,62.6576247769753,9.31313131313131,8.86249431034786,0.919191919191919,2.77994555693558
"369",162.262626262626,62.8392159271461,9.05050505050505,8.68070078212881,0.909090909090909,2.78879283770796
"370",162.969696969697,63.1375974773618,8.96969696969697,8.56363281850015,0.878787878787879,2.6888762817629
"371",163.40404040404,62.3466149175063,8.86868686868687,8.48605875280452,0.858585858585859,2.5395247064953
"372",162.777777777778,62.050597450717,8.93939393939394,8.5569141178803,0.848484848484849,2.46346212474927
"373",162.353535353535,62.7966125973389,8.82828282828283,8.52492193278086,0.858585858585859,2.49902062861573
"374",161.939393939394,62.9921955291933,8.83838383838384,8.49694671536887,0.838383838383838,2.57423287842984
"375",161.191919191919,62.8585514075422,8.87878787878788,8.65350315670578,0.868686868686869,2.62890706182698
"376",161.212121212121,62.6547509033486,8.75757575757576,8.75994002063488,0.909090909090909,2.80339047310795
"377",161.747474747475,63.3425000689632,8.63636363636364,8.55648047216266,0.939393939393939,2.99938150705455
"378",162.050505050505,63.6031018588626,8.55555555555556,8.56573885232137,0.939393939393939,3.12272180408009
"379",162.020202020202,62.8201156848079,8.46464646464647,8.59082701503812,0.95959595959596,3.26365011604852
"380",161.808080808081,62.7378212862744,8.44444444444444,8.52513956103637,0.898989898989899,3.03548721670082
"381",161.969696969697,63.6295808736167,8.48484848484848,8.65832575176908,0.838383838383838,2.84535809125868
"382",161.161616161616,63.7576257256941,8.26262626262626,8.31348285100758,0.868686868686869,2.89491625005384
"383",160.909090909091,63.243309061132,8.29292929292929,8.47355131830386,0.898989898989899,3.01525018251591
"384",161.262626262626,63.689390693505,8.34343434343434,8.6474741105767,0.94949494949495,3.29307788963746
"385",162.090909090909,64.274934161071,8.41414141414141,8.77962634718155,0.95959595959596,3.25425684145975
"386",162.393939393939,65.206394168404,8.29292929292929,8.82511782340555,0.96969696969697,3.37292504758457
"387",162.565656565657,64.8722703591783,8.23232323232323,8.66122992023589,0.94949494949495,3.30544923426156
"388",162.040404040404,65.1422179153974,8.19191919191919,8.72911708333826,0.888888888888889,3.19722101554181
"389",162.232323232323,64.3898883370496,8.16161616161616,8.61738521673563,0.929292929292929,3.4174000298966
"390",162.686868686869,63.8767381990656,8.23232323232323,8.66005170700061,0.888888888888889,3.26980274287674
"391",162.717171717172,63.1868044226299,8.31313131313131,8.68924559869369,0.878787878787879,3.27100036895888
"392",162.636363636364,63.685364118991,8.3030303030303,8.76152831865903,0.828282828282828,3.04738229599888
"393",163.333333333333,63.9104922560307,8.28282828282828,9.04415518108795,0.808080808080808,2.84166079521045
"394",162.888888888889,64.3917995933899,8.25252525252525,9.09512476981143,0.797979797979798,2.87487283828736
"395",163.171717171717,64.0928918348667,8.16161616161616,9.04603540480813,0.797979797979798,2.80662408139772
"396",163.484848484848,65.3413897699509,8.34343434343434,9.25948120396405,0.808080808080808,2.90206389497996
"397",163.606060606061,65.5443171748296,8.33333333333333,9.39496174140422,0.767676767676768,2.78416910562927
"398",163.121212121212,65.7265939913171,8.2020202020202,9.5233116752994,0.727272727272727,2.67191814390299
"399",163.686868686869,66.0699453832979,8.07070707070707,9.32437285219688,0.707070707070707,2.57243046058418
"400",163.545454545455,65.9288844950426,7.8989898989899,9.16013428906883,0.707070707070707,2.60004915672733
"401",163.636363636364,65.4774387917209,7.74747474747475,9.11641649336395,0.686868686868687,2.47702283712568
"402",163.535353535354,66.0516670263936,7.5959595959596,9.03272869016819,0.666666666666667,2.34738238930785
"403",163.636363636364,66.5158343194563,7.37373737373737,8.76284579926819,0.656565656565657,2.36540377604046
"404",163.848484848485,66.7467592481453,7.41414141414141,8.91342727209349,0.636363636363636,2.31875470384933
"405",163.40404040404,66.7388940836493,7.29292929292929,9.0703064831918,0.626262626262626,2.35426603054297
"406",163.343434343434,67.4571915072375,7.19191919191919,9.04374489850979,0.595959595959596,2.27640601055292
"407",163.242424242424,67.6776710696373,7.17171717171717,9.16185571172441,0.555555555555556,2.0614153163727
"408",162.949494949495,67.1474730537004,7.05050505050505,9.15219806025623,0.555555555555556,1.98577709161839
"409",162.525252525253,67.6356299404063,6.93939393939394,8.97254108413517,0.494949494949495,1.76920215716956
"410",162.707070707071,67.5628584908464,6.90909090909091,9.12732040286464,0.525252525252525,1.93434814387244
"411",161.838383838384,67.3272099936172,6.82828282828283,9.04302685920675,0.535353535353535,1.96558726392514
"412",161.30303030303,67.9682480708868,6.71717171717172,8.82024619495398,0.555555555555556,1.94423387262796
"413",161.393939393939,67.4807331810299,6.58585858585859,8.68967261895959,0.535353535353535,1.94471093971405
"414",161.323232323232,67.6474697903574,6.55555555555556,8.79496867094491,0.525252525252525,1.99153020002738
"415",161.757575757576,68.6423875276177,6.42424242424242,8.54769441296105,0.515151515151515,2.03220819058238
"416",161.111111111111,68.4443597784911,6.32323232323232,8.39682676072079,0.515151515151515,1.9554405337137
"417",161.484848484848,68.986447003233,6.38383838383838,8.59604449935191,0.525252525252525,2.03210675008562
"418",161.585858585859,69.0167105025445,6.29292929292929,8.52038674657882,0.525252525252525,1.98125622045471
"419",161.828282828283,69.5605800289216,6.28282828282828,8.49374368079884,0.515151515151515,1.9554405337137
"420",161.151515151515,69.0346502225829,6.36363636363636,8.74870782931661,0.555555555555556,2.11033521963432
"421",161.010101010101,68.8309812407256,6.37373737373737,8.80466696583711,0.585858585858586,2.19930462577171
"422",160.969696969697,68.9146846922611,6.27272727272727,8.7491319474005,0.595959595959596,2.20351848475037
"423",160.545454545455,68.696800972257,6.1010101010101,8.53384014033033,0.555555555555556,2.0614153163727
"424",160.909090909091,68.6936545964631,6.06060606060606,8.56287451952356,0.525252525252525,1.92376880502105
"425",160.929292929293,68.2930738002529,6.06060606060606,8.53781287031605,0.505050505050505,1.82037077056329
"426",161.181818181818,68.5308456748155,5.98989898989899,8.29616944985535,0.494949494949495,1.79780896906761
"427",161.515151515152,69.3181608321389,5.97979797979798,8.25607976100012,0.484848484848485,1.74006589344875
"428",161.292929292929,69.1163249751199,5.86868686868687,8.10095291024516,0.494949494949495,1.78070003073623
"429",161.868686868687,70.1606969551877,5.87878787878788,8.11432687020841,0.505050505050505,1.79780896906761
"430",162.080808080808,69.512100953231,5.84848484848485,8.14331281477372,0.535353535353535,1.96038902487221
"431",162.858585858586,69.7518941445701,5.80808080808081,8.09090793280191,0.525252525252525,1.90243364197307
"432",161.888888888889,70.3405548086852,5.71717171717172,7.96425740422951,0.515151515151515,1.86462031131819
"433",162.232323232323,69.9337628720597,5.70707070707071,8.09037286955421,0.464646464646465,1.64944722535993
"434",162.040404040404,70.4132001759525,5.49494949494949,7.78849719251611,0.484848484848485,1.71049364138458
"435",161.767676767677,70.4945834194819,5.38383838383838,7.67012102544949,0.505050505050505,1.79212413799788
"436",162.010101010101,70.7856054416772,5.34343434343434,7.61196911444185,0.535353535353535,1.8698091756458
"437",162.313131313131,70.6930193800945,5.34343434343434,7.80654045011083,0.515151515151515,1.84812997800058
"438",162.40404040404,71.0538627527032,5.32323232323232,7.76810365169224,0.505050505050505,1.80912504150226
"439",162.777777777778,71.5831977143473,5.34343434343434,7.90783855006604,0.444444444444444,1.59221461879052
"440",162.79797979798,72.6428191877945,5.17171717171717,7.70772261031488,0.454545454545455,1.61164592805076
"441",162.545454545455,72.1369548826415,5.19191919191919,7.81896799870878,0.373737373737374,1.33696166801903
"442",162.585858585859,71.8018830548663,5.13131313131313,7.79671106044927,0.393939393939394,1.41290106690485
"443",162.686868686869,72.2218303907675,5.21212121212121,7.98119310715692,0.383838383838384,1.3605751387952
"444",162.89898989899,72.1833683921627,5.16161616161616,7.77582211770992,0.373737373737374,1.38199691799369
"445",162.363636363636,72.7119638340288,5.07070707070707,7.82884843781615,0.343434343434343,1.31832930884646
"446",162.818181818182,73.4212563944396,5.03030303030303,7.95453220248035,0.323232323232323,1.22747694461313
"447",162.666666666667,74.0234380973695,4.95959595959596,7.96282073895927,0.292929292929293,1.07145262118271
"448",162.333333333333,74.0773175782698,4.84848484848485,7.84071482107214,0.292929292929293,1.04249039786627
"449",162.323232323232,74.391110435955,4.76767676767677,7.57658622555239,0.262626262626263,0.964532863415943
"450",162.444444444444,74.5662590192574,4.73737373737374,7.53032760566836,0.282828282828283,1.02060810244861
"451",163.141414141414,75.3887895770861,4.78787878787879,7.71200062356136,0.252525252525253,0.918555146972283
"452",163.333333333333,75.6287927030062,4.70707070707071,7.55963032954914,0.252525252525253,0.940510438304586
"453",163.363636363636,76.6494078608403,4.71717171717172,7.84029414801225,0.252525252525253,0.972514459715537
"454",164.070707070707,77.4088341376885,4.66666666666667,7.80371444785581,0.232323232323232,0.912814472826593
"455",164.525252525253,77.7216833971617,4.65656565656566,7.81176717857604,0.222222222222222,0.863731292724622
"456",164.606060606061,78.4580764409415,4.73737373737374,8.0769082013843,0.242424242424242,0.937766659664192
"457",165.747474747475,78.8972909488547,4.70707070707071,8.02960405821384,0.191919191919192,0.737850818348883
"458",165.545454545455,79.7307039834683,4.64646464646465,8.09549273854654,0.181818181818182,0.719461765426729
"459",165.707070707071,79.5626120436555,4.55555555555556,7.9001707837678,0.181818181818182,0.719461765426729
"460",166.010101010101,79.6455790629675,4.44444444444444,7.88595007699009,0.181818181818182,0.719461765426729
"461",165.575757575758,79.4325655353802,4.54545454545455,8.2415977340348,0.222222222222222,0.875465538611916
"462",165.59595959596,79.5325525950479,4.65656565656566,8.60370306625455,0.242424242424242,0.937766659664192
"463",166.10101010101,79.7622097299849,4.5959595959596,8.32370501286585,0.242424242424242,0.99068013218408
"464",165.909090909091,79.4920212796498,4.52525252525253,8.34136903844808,0.202020202020202,0.795135696027991
"465",166.474747474747,79.837889761173,4.55555555555556,8.47953385104781,0.181818181818182,0.774117487835129
"466",166.131313131313,79.1411354202417,4.43434343434343,8.2352671371137,0.191919191919192,0.829024108814248
"467",166.212121212121,79.3011918904783,4.35353535353535,8.06138835881863,0.202020202020202,0.891911476112045
"468",166.444444444444,80.2445525167708,4.33333333333333,8.07237668262095,0.212121212121212,0.9612144451929
"469",167.080808080808,80.6962908850565,4.15151515151515,7.69887831263277,0.171717171717172,0.714862681838825
"470",167.070707070707,80.2776117575439,4.07070707070707,7.56772486940633,0.181818181818182,0.774117487835129
"471",167.454545454545,80.8849362539248,4.09090909090909,7.59442721179976,0.222222222222222,0.942809041582063
"472",167.59595959596,80.8109306599101,4,7.50917805768653,0.232323232323232,0.998246246135762
"473",167.060606060606,80.8544696910239,4,7.6010203396703,0.242424242424242,1.06033214945196
"474",167.737373737374,82.0866373895918,3.91919191919192,7.38265585704816,0.242424242424242,1.06033214945196
"475",167.474747474747,81.4581830161508,3.93939393939394,7.36209012832048,0.242424242424242,1.09815159255115
"476",167.30303030303,80.9625076426415,4.02020202020202,7.67181403391768,0.242424242424242,1.10740466112796
"477",166.777777777778,81.437287197154,4.01010101010101,7.7479358008031,0.252525252525253,1.16359255741085
"478",167.585858585859,81.7007993492495,3.95959595959596,7.68103839695478,0.232323232323232,1.03832953390788
"479",167.59595959596,81.977463203642,3.82828282828283,7.52280940254019,0.222222222222222,1.04545230476667
"480",168.141414141414,83.029255982456,3.85858585858586,7.67850179504652,0.212121212121212,0.92882114524357
"481",167.69696969697,82.8979523325374,3.70707070707071,7.4302917310988,0.181818181818182,0.81270066738504
"482",167.50505050505,82.918865401899,3.65656565656566,7.09003557194613,0.202020202020202,0.880396454987786
"483",167.414141414141,83.1947567643649,3.61616161616162,6.86414385271437,0.191919191919192,0.829024108814248
"484",166.707070707071,83.4440118448308,3.62626262626263,6.57544265381343,0.212121212121212,0.99255110671613
"485",166.636363636364,83.1469629012579,3.60606060606061,6.4977518589724,0.202020202020202,0.891911476112045
"486",166.262626262626,83.0155611007304,3.6969696969697,6.76946105450501,0.171717171717172,0.7829875287719
"487",166.868686868687,83.2766040673657,3.68686868686869,6.76371843246016,0.191919191919192,0.865162102031277
"488",166.707070707071,83.5826918570249,3.5959595959596,6.78070370184603,0.191919191919192,0.816622807500472
"489",166.333333333333,83.878069912492,3.60606060606061,6.79107785292237,0.181818181818182,0.849533321632535
"490",165.59595959596,83.3520832338756,3.57575757575758,6.80349686361976,0.161616161616162,0.751964375880453
"491",165.373737373737,83.4386718272629,3.49494949494949,6.67369759115886,0.171717171717172,0.821154041583092
"492",164.686868686869,83.8877586439101,3.44444444444444,6.54064563720386,0.161616161616162,0.751964375880453
"493",164.686868686869,83.8143778110291,3.48484848484848,6.6353469625592,0.181818181818182,0.80004638084475
"494",164.464646464646,83.6568931899223,3.45454545454545,6.66283130243814,0.171717171717172,0.74286269284196
"495",164.232323232323,83.5172997211403,3.48484848484848,6.83234151210501,0.161616161616162,0.738269774085309
"496",163.919191919192,82.9915998660101,3.57575757575758,6.92686416239732,0.161616161616162,0.738269774085309
"497",163.808080808081,82.5879465395893,3.63636363636364,6.95826413002223,0.151515151515152,0.675574379409868
"498",163.89898989899,82.2711414364417,3.66666666666667,6.94291593155592,0.141414141414141,0.639037877100731
"499",163.838383838384,82.3105997923578,3.68686868686869,7.0285808139404,0.131313131313131,0.616879319499211
"500",163.707070707071,82.4433327368578,3.73737373737374,7.11363430549845,0.131313131313131,0.616879319499211
"501",163.888888888889,82.8920971700115,3.72727272727273,7.12543329411921,0.131313131313131,0.616879319499211
"502",163.353535353535,82.7438034095597,3.72727272727273,6.92056707275743,0.141414141414141,0.622865350701179
"503",163.212121212121,82.0839879395902,3.82828282828283,7.06679560214226,0.141414141414141,0.654811096145075
"504",163.313131313131,82.4594701266277,3.80808080808081,6.93214453915747,0.121212121212121,0.539703759874809
"505",162.838383838384,81.2266553051106,3.77777777777778,6.82216608661638,0.141414141414141,0.654811096145075
"506",162.626262626263,81.8454972841232,3.78787878787879,6.81276222453234,0.131313131313131,0.600109932896051
"507",162.525252525253,81.5451976131158,3.74747474747475,6.77682641146212,0.131313131313131,0.600109932896051
"508",162.030303030303,81.6297582974687,3.65656565656566,6.51397495524691,0.121212121212121,0.593721010424024
"509",161.828282828283,81.6042016230257,3.68686868686869,6.49591153152797,0.121212121212121,0.593721010424024
"510",162.292929292929,82.3837774457426,3.75757575757576,6.74172343539887,0.131313131313131,0.649119728059794
"511",161.89898989899,82.462792469249,3.81818181818182,6.90956692042485,0.171717171717172,0.795913081609816
"512",162.070707070707,82.582828244881,3.70707070707071,6.73591126094738,0.181818181818182,0.837435789358624
"513",162.181818181818,83.2114792459138,3.65656565656566,6.6916969815656,0.171717171717172,0.833487926291408
"514",162.010101010101,83.2518302733774,3.54545454545455,6.46856247991671,0.161616161616162,0.778631330684742
"515",161.49494949495,83.025613669834,3.42424242424242,6.40008116831646,0.171717171717172,0.881098618960884
"516",162.050505050505,83.6510455595847,3.56565656565657,6.71757004195746,0.171717171717172,0.979800104981895
"517",162.272727272727,83.896172248776,3.49494949494949,6.54244187293158,0.161616161616162,0.997006444896275
"518",162.232323232323,84.3368886151381,3.38383838383838,6.37070314689506,0.151515151515152,0.907605465436683
"519",162.040404040404,84.0719952877997,3.36363636363636,6.339790998703,0.151515151515152,0.907605465436683
"520",162.828282828283,84.2751858320184,3.43434343434343,6.53743008884712,0.121212121212121,0.703819423628012
"521",162.949494949495,84.5227144615363,3.45454545454545,6.55007824734806,0.121212121212121,0.703819423628012
"522",163.20202020202,85.3438399434037,3.36363636363636,6.39587645452297,0.111111111111111,0.620876419543109
"523",163.484848484848,85.6918260617857,3.37373737373737,6.5380922427893,0.121212121212121,0.674199862463242
"524",163.686868686869,85.7672034821939,3.3030303030303,6.29942424556427,0.111111111111111,0.65291948575248
"525",163.171717171717,85.7340501503603,3.28282828282828,6.31008328810844,0.121212121212121,0.732241836831712
"526",162.444444444444,85.1024859012706,3.26262626262626,6.28179400247312,0.131313131313131,0.816244069222003
"527",162.363636363636,84.2725721649398,3.29292929292929,6.43848842263608,0.131313131313131,0.816244069222003
"528",162.646464646465,84.4249833817359,3.1010101010101,6.07184023729576,0.141414141414141,0.880747606948165
"529",162.343434343434,85.0793341194404,3.15151515151515,6.11849594090326,0.141414141414141,0.958422396442227
"530",162.030303030303,85.1757432349229,3.09090909090909,5.92140859740024,0.131313131313131,0.864804621635037
"531",161.737373737374,84.5807892814991,3.13131313131313,6.07209486200546,0.121212121212121,0.86038348441828
"532",162.080808080808,85.1391030773154,3.12121212121212,6.15326813326476,0.121212121212121,0.86038348441828
"533",161.89898989899,84.9825306117285,3.06060606060606,6.08245751525326,0.131313131313131,0.954543000458213
"534",160.878787878788,84.8624664909283,3.02020202020202,6.00506554532666,0.131313131313131,0.954543000458213
"535",160.575757575758,85.649748431084,2.93939393939394,5.81837024277449,0.141414141414141,1.04987949755666
"536",160.40404040404,85.6662864642199,2.87878787878788,5.67535439381205,0.131313131313131,0.954543000458213
"537",160.171717171717,85.894339506548,2.88888888888889,5.67646212197547,0.121212121212121,0.92882114524357
"538",160.090909090909,85.6634481274452,2.84848484848485,5.63582497874931,0.111111111111111,0.913491718726232
"539",160.353535353535,86.2306249319188,2.86868686868687,5.68500796877453,0.121212121212121,0.92882114524357
"540",160.020202020202,86.5558660927196,2.76767676767677,5.48249213932132,0.131313131313131,1.12164660888979
"541",159.656565656566,86.248000463798,2.70707070707071,5.31891604204244,0.131313131313131,1.12164660888979
"542",159.636363636364,85.8902306750741,2.81818181818182,5.67012154130186,0.121212121212121,1.02292824246832
"543",159.79797979798,86.4602043407986,2.77777777777778,5.62348493075601,0.131313131313131,1.04633924188646
"544",159.59595959596,86.4895793170907,2.67676767676768,5.42824864233633,0.131313131313131,1.04633924188646
"545",159.181818181818,86.6425172100697,2.74747474747475,5.58486189028336,0.131313131313131,1.04633924188646
"546",159.464646464646,87.0274778483155,2.74747474747475,5.75404637455054,0.121212121212121,0.950539344994298
"547",159.59595959596,87.5067250117616,2.67676767676768,5.47876845022578,0.131313131313131,1.04633924188646
"548",159.070707070707,87.4678077836328,2.71717171717172,5.63342865844631,0.111111111111111,0.855819083600544
"549",159.151515151515,86.9885476436426,2.73737373737374,5.62716780646893,0.111111111111111,0.855819083600544
"550",159.161616161616,87.3109277438043,2.68686868686869,5.61457008484915,0.111111111111111,0.855819083600544
"551",158.424242424242,87.2097039757186,2.6969696969697,5.83874208121142,0.101010101010101,0.826783162537864
"552",158.777777777778,87.7594759760037,2.63636363636364,5.77371691807736,0.101010101010101,0.826783162537864
"553",158.353535353535,87.5046719605574,2.50505050505051,5.42551368276894,0.101010101010101,0.826783162537864
"554",157.616161616162,86.9147725954602,2.45454545454545,5.23386291038937,0.101010101010101,0.826783162537864
"555",157.969696969697,87.7513247234682,2.48484848484848,5.35354857779101,0.101010101010101,0.826783162537864
"556",158.080808080808,87.4609740104153,2.49494949494949,5.19295782447835,0.101010101010101,0.826783162537864
"557",157.616161616162,86.8962208932278,2.55555555555556,5.36280124451845,0.111111111111111,0.924594658997505
"558",158.141414141414,86.64188671003,2.43434343434343,5.05108922616154,0.101010101010101,0.826783162537864
"559",157.363636363636,86.7951440550673,2.35353535353535,4.90379513861381,0.111111111111111,0.924594658997505
"560",157.242424242424,86.2050345266247,2.35353535353535,5.01490254918468,0.101010101010101,0.826783162537864
"561",157.222222222222,86.9573617725372,2.33333333333333,4.95077812890384,0.101010101010101,0.826783162537864
"562",156.59595959596,87.1107574593472,2.23232323232323,5.02814178933316,0.101010101010101,0.826783162537864
"563",155.959595959596,86.6623660985221,2.25252525252525,5.13758347535031,0.111111111111111,0.924594658997505
"564",156.292929292929,87.013164911192,2.26262626262626,5.19533907790486,0.0909090909090909,0.729703729240527
"565",155.838383838384,87.0992522134196,2.27272727272727,5.40939881570123,0.0909090909090909,0.729703729240527
"566",155.575757575758,86.7692331098486,2.32323232323232,5.62942031819836,0.0909090909090909,0.729703729240527
"567",155.727272727273,86.9840260002995,2.23232323232323,5.49364806274591,0.0909090909090909,0.671442387257692
"568",155.838383838384,87.3918815487267,2.24242424242424,5.40425174471199,0.0909090909090909,0.671442387257692
"569",156.40404040404,87.8449375020157,2.2020202020202,5.32989221084062,0.0808080808080808,0.583388547612185
"570",156.313131313131,88.0625527290462,2.17171717171717,5.35483836917682,0.0707070707070707,0.50005153311016
"571",156.535353535354,87.6883760164034,2.15151515151515,5.18310370409672,0.0808080808080808,0.565627115880903
"572",156.575757575758,88.2555532055298,2.22222222222222,5.38053095694884,0.0707070707070707,0.50005153311016
"573",156.575757575758,87.6351540344085,2.16161616161616,5.34466560437538,0.0606060606060606,0.424220336910677
"574",156.474747474747,87.7949075082055,2.17171717171717,5.38145038495409,0.0606060606060606,0.424220336910677
"575",156.868686868687,88.1498777552079,2.21212121212121,5.40459503527894,0.0505050505050505,0.360660883564347
"576",157.090909090909,88.0229667280881,2.27272727272727,5.51402327617203,0.0505050505050505,0.413391581268932
"577",157.181818181818,87.5711213740083,2.22222222222222,5.38811154596358,0.0505050505050505,0.360660883564347
"578",157.79797979798,87.9730918738015,2.2020202020202,5.45478594948415,0.0606060606060606,0.447628258171794
"579",157.242424242424,87.6171042509874,2.1010101010101,5.25181202838883,0.0606060606060606,0.511464121234162
"580",156.626262626263,87.3106798360918,2.05050505050505,5.13962941841605,0.0606060606060606,0.511464121234162
"581",156.666666666667,88.0602762027122,2.09090909090909,5.10320209418559,0.0606060606060606,0.511464121234162
"582",156.222222222222,88.4064772254811,2.14141414141414,5.31845094259387,0.0505050505050505,0.413391581268932
"583",155.828282828283,88.5516153419817,2.09090909090909,5.26073423348155,0.0505050505050505,0.413391581268932
"584",155.626262626263,88.6575141397531,2.03030303030303,5.09792784124909,0.0505050505050505,0.413391581268932
"585",156.171717171717,88.9716809341361,1.95959595959596,4.78500888600713,0.0505050505050505,0.413391581268932
"586",156.353535353535,89.519957087599,1.94949494949495,4.75388935799262,0.0404040404040404,0.316846448331433
"587",156.191919191919,89.5162368999507,1.95959595959596,4.62892236747012,0.0404040404040404,0.316846448331433
"588",156.757575757576,90.2057841157685,2,5.01019369050005,0.0404040404040404,0.316846448331433
"589",157.010101010101,90.2656504548132,1.95959595959596,4.84013659766593,0.0404040404040404,0.316846448331433
"590",157.333333333333,90.2625422343745,1.97979797979798,4.85289687939448,0.0303030303030303,0.223814129085897
"591",157.262626262626,90.9826834677432,2,5.10102030610204,0.0404040404040404,0.316846448331433
"592",157,90.2121083325067,1.96969696969697,5.07988137707908,0.0606060606060606,0.511464121234162
"593",156.878787878788,90.5499380460772,2,5.18435637474973,0.0505050505050505,0.502518907629606
"594",156.646464646465,90.9767085163877,1.91919191919192,4.91286683768571,0.0505050505050505,0.502518907629606
"595",156.565656565657,91.2095771931786,1.81818181818182,4.55211015514388,0.0404040404040404,0.402015126103685
"596",157.090909090909,90.8255887378292,1.82828282828283,4.53791376151498,0.0303030303030303,0.301511344577764
"597",157.626262626263,91.2871211448248,1.77777777777778,4.49388599520153,0.0303030303030303,0.301511344577764
"598",157.616161616162,90.9572345206641,1.76767676767677,4.46717799526653,0.0303030303030303,0.301511344577764
"599",156.656565656566,90.7126165893868,1.74747474747475,4.48203542123586,0.0303030303030303,0.301511344577764
"600",155.636363636364,90.3703778613612,1.77777777777778,4.45969605341988,0.0303030303030303,0.301511344577764
"601",155.171717171717,89.9729029961346,1.77777777777778,4.47796317481635,0.0202020202020202,0.201007563051842
"602",155.242424242424,89.6536522707896,1.78787878787879,4.56533685028676,0.0202020202020202,0.201007563051842
"603",155.727272727273,90.4179432009497,1.76767676767677,4.6726042269597,0.0202020202020202,0.201007563051842
"604",154.919191919192,89.7665540151147,1.6969696969697,4.44112172228296,0.0202020202020202,0.201007563051842
"605",154.939393939394,90.4546135128076,1.71717171717172,4.44705911545313,0.0202020202020202,0.201007563051842
"606",155.292929292929,90.9096044100113,1.67676767676768,4.30194138146451,0.0202020202020202,0.201007563051842
"607",154.767676767677,90.5506767892791,1.58585858585859,4.17477874523126,0.0202020202020202,0.201007563051842
"608",154.777777777778,90.3562739151392,1.60606060606061,4.37249795934231,0.0202020202020202,0.201007563051842
"609",154.262626262626,90.0622897661964,1.5959595959596,4.35168086671091,0.0202020202020202,0.201007563051842
"610",154.313131313131,90.5021869692511,1.58585858585859,4.45157642568063,0.0202020202020202,0.201007563051842
"611",154.949494949495,91.0352447712349,1.58585858585859,4.52658834680498,0.0202020202020202,0.201007563051842
"612",154.616161616162,90.7222389169054,1.60606060606061,4.63310664457045,0.0202020202020202,0.201007563051842
"613",154.757575757576,90.6640007884113,1.52525252525253,4.34328812321893,0.0202020202020202,0.201007563051842
"614",153.858585858586,89.770115715258,1.54545454545455,4.45217838741003,0.0202020202020202,0.201007563051842
"615",153.30303030303,89.2247168264735,1.57575757575758,4.50190641950925,0.0202020202020202,0.201007563051842
"616",152.808080808081,89.005810033663,1.54545454545455,4.41766566688125,0.0101010101010101,0.100503781525921
"617",152.515151515152,88.9796311977581,1.48484848484848,4.34098558442157,0.0101010101010101,0.100503781525921
"618",152.111111111111,89.0171834923803,1.4040404040404,4.17211147032289,0.0101010101010101,0.100503781525921
"619",151.838383838384,88.8931607147095,1.45454545454545,4.25530335922543,0.0101010101010101,0.100503781525921
"620",151.525252525253,89.2601498755348,1.37373737373737,4.10222900729382,0.0101010101010101,0.100503781525921
"621",151.49494949495,89.6466275515982,1.4040404040404,4.20863832727159,0.0101010101010101,0.100503781525921
"622",150.959595959596,89.0890312760928,1.4040404040404,4.2231606113634,0.0101010101010101,0.100503781525921
"623",150.929292929293,89.6980481808503,1.39393939393939,4.33028768855802,0.0101010101010101,0.100503781525921
"624",151.333333333333,90.0394471374426,1.42424242424242,4.39408440252906,0.0101010101010101,0.100503781525921
"625",151.010101010101,89.6855612511204,1.38383838383838,4.17159263548957,0.0101010101010101,0.100503781525921
"626",151.373737373737,90.0115169341539,1.44444444444444,4.23836275239174,0.0101010101010101,0.100503781525921
"627",151.030303030303,90.9035656948048,1.37373737373737,4.13443937562662,0.0101010101010101,0.100503781525921
"628",151.060606060606,91.4295555953524,1.33333333333333,4.16741489880423,0.0101010101010101,0.100503781525921
"629",150.535353535354,91.2758001693626,1.38383838383838,4.22989137388162,0.0101010101010101,0.100503781525921
"630",151.010101010101,91.7760689706417,1.39393939393939,4.24701139054176,0.0101010101010101,0.100503781525921
"631",151.79797979798,92.2839429062614,1.44444444444444,4.49539951284036,0.0101010101010101,0.100503781525921
"632",152.313131313131,93.2130154773492,1.37373737373737,4.08228092151439,0,0
"633",151.484848484848,92.9853360873247,1.34343434343434,3.9799538920558,0,0
"634",151.313131313131,92.6792412818783,1.39393939393939,4.2011130250626,0,0
"635",151.545454545455,92.8956263911138,1.4040404040404,4.17944238034164,0,0
"636",151.353535353535,92.012123550274,1.41414141414141,4.10079659013655,0,0
"637",150.89898989899,91.718457287138,1.43434343434343,4.18003421566315,0,0
"638",150.757575757576,91.0718589243715,1.44444444444444,4.29575543289292,0,0
"639",150.909090909091,91.1458901095326,1.4040404040404,4.16721703229736,0,0
"640",150.343434343434,91.5879371809657,1.38383838383838,4.0474407905744,0,0
"641",150.878787878788,91.6035460421449,1.37373737373737,4.09475986334814,0,0
"642",150.414141414141,91.7271920270291,1.37373737373737,4.1786284699058,0,0
"643",150.262626262626,91.9261666750168,1.37373737373737,4.32974019719678,0,0
"644",149.727272727273,91.7920029176232,1.35353535353535,4.16328248467561,0,0
"645",149.40404040404,91.3696148296621,1.44444444444444,4.51352213755154,0,0
"646",148.606060606061,91.2718319627311,1.41414141414141,4.33544974719004,0,0
"647",148.939393939394,91.8988816726851,1.4040404040404,4.16476765630496,0,0
"648",148.656565656566,90.7319624640332,1.39393939393939,4.03762453353955,0,0
"649",149.131313131313,91.003548536402,1.4040404040404,4.05049554015306,0,0
"650",148.676767676768,91.2456684219695,1.36363636363636,3.88995185284339,0,0
"651",148.777777777778,91.1812005726426,1.36363636363636,3.89519469910944,0,0
"652",148.828282828283,91.8160361703861,1.36363636363636,3.88732777807254,0,0
"653",148.737373737374,92.1656213141106,1.31313131313131,3.81898176579555,0,0
"654",147.949494949495,91.8072930428992,1.34343434343434,3.89180619145786,0,0
"655",148.090909090909,92.2005457185465,1.32323232323232,3.8883087001312,0,0
"656",147.858585858586,91.4441962208078,1.3030303030303,3.81312059640733,0,0
"657",147.777777777778,91.4811852581493,1.3030303030303,3.88995185284339,0,0
"658",147.808080808081,91.5080766779606,1.2020202020202,3.49921215033572,0,0
"659",147.313131313131,91.4146916322386,1.19191919191919,3.40970035093985,0,0
"660",146.767676767677,90.419749996588,1.19191919191919,3.37662060161946,0,0
"661",146.707070707071,90.6896763610641,1.17171717171717,3.35954444202892,0,0
"662",146.040404040404,90.4509021391952,1.2020202020202,3.487528210638,0,0
"663",146.434343434343,91.5219569524792,1.19191919191919,3.3947040617516,0,0
"664",145.737373737374,90.8213750192063,1.21212121212121,3.51751514587844,0,0
"665",145.434343434343,90.3562294269089,1.18181818181818,3.42071610942778,0,0
"666",145.161616161616,89.5097426085628,1.18181818181818,3.40876312586215,0,0
"667",145.232323232323,89.7562263524783,1.15151515151515,3.32081756703731,0,0
"668",144.838383838384,89.0617427510329,1.17171717171717,3.41377881485355,0,0
"669",145.141414141414,89.4200144355461,1.14141414141414,3.42264398635748,0,0
"670",144.79797979798,88.9763761123211,1.08080808080808,3.18054278411196,0,0
"671",145.050505050505,89.2535226238311,1.1010101010101,3.2654497752363,0,0
"672",144.717171717172,89.3525510301338,1.02020202020202,3.02364760789523,0,0
"673",144.646464646465,89.3531531747576,0.98989898989899,2.94332503040198,0,0
"674",145.181818181818,90.0660034206619,0.98989898989899,2.98805427612013,0,0
"675",145.353535353535,90.7808881634295,0.97979797979798,2.91365468651328,0,0
"676",145.919191919192,90.8941610086302,0.97979797979798,2.896090954358,0,0
"677",145.59595959596,90.7107894930219,0.94949494949495,2.84057243933991,0,0
"678",145.747474747475,90.8718927194497,0.96969696969697,2.95011084348847,0,0
"679",145.242424242424,90.6243751177996,0.95959595959596,2.95171756267083,0,0
"680",145.323232323232,90.9845051040962,0.929292929292929,2.86873550061704,0,0
"681",145.818181818182,91.5297836701327,0.96969696969697,2.9397158874749,0,0
"682",145.868686868687,92.1875469106373,1.01010101010101,3.03212375728445,0,0
"683",145.868686868687,91.671624085885,0.97979797979798,3.00333079715484,0,0
"684",145.49494949495,92.4196698890197,0.96969696969697,2.98449922458045,0,0
"685",144.59595959596,92.0637444640019,0.96969696969697,3.0286204357711,0,0
"686",145.090909090909,92.5357174184364,0.97979797979798,2.99312067704308,0,0
"687",144.59595959596,92.6787208027334,0.97979797979798,2.96227917623492,0,0
"688",144.292929292929,93.2716301471743,0.97979797979798,2.979452757518,0,0
"689",143.50505050505,93.2014904997499,0.919191919191919,2.83446992372568,0,0
"690",143.808080808081,93.1375630361882,0.929292929292929,2.86161266525886,0,0
"691",143.555555555556,92.9976104830417,0.909090909090909,2.84314754112951,0,0
"692",143.515151515152,93.3517993482635,0.929292929292929,2.88646569160748,0,0
"693",143.010101010101,93.3532346924343,0.898989898989899,2.82299215081629,0,0
"694",142.393939393939,92.7746686685957,0.858585858585859,2.69924441812474,0,0
"695",142.50505050505,92.7277531202062,0.858585858585859,2.69546141977812,0,0
"696",141.959595959596,92.2861476318794,0.818181818181818,2.59655830433852,0,0
"697",141.848484848485,93.1656812127951,0.767676767676768,2.5307427433918,0,0
"698",141.646464646465,93.373652833635,0.797979797979798,2.66488808962027,0,0
"699",141.808080808081,93.2710201474195,0.828282828282828,2.87863489487073,0,0
"700",142.080808080808,93.6206715320706,0.848484848484849,2.81889990252977,0,0
"701",142.353535353535,94.2385502308829,0.797979797979798,2.75154797982917,0,0
"702",142.414141414141,94.1932457933255,0.808080808080808,2.78361374166589,0,0
"703",142.242424242424,93.5338082399033,0.777777777777778,2.65174396044302,0,0
"704",142.59595959596,93.0123888162457,0.737373737373737,2.50137047573011,0,0
"705",142.40404040404,93.7904654646728,0.727272727272727,2.4777301240688,0,0
"706",142.535353535354,93.3994398806909,0.737373737373737,2.54985337147804,0,0
"707",142.222222222222,93.262035449779,0.777777777777778,2.72761971268946,0,0
"708",142.535353535354,93.5892363786839,0.777777777777778,2.74254297142513,0,0
"709",142.888888888889,94.2044984506826,0.767676767676768,2.69477303132808,0,0
"710",142.454545454545,93.7729860503625,0.747474747474748,2.65477403759385,0,0
"711",142.141414141414,94.0192132015633,0.737373737373737,2.53781948259564,0,0
"712",142.060606060606,94.0457789287899,0.717171717171717,2.52756398025727,0,0
"713",142.131313131313,94.0903437393699,0.797979797979798,2.82112945242554,0,0
"714",142.141414141414,94.0583850487547,0.808080808080808,2.90557791391172,0,0
"715",141.929292929293,94.1808131295321,0.808080808080808,2.96123515210401,0,0
"716",142.262626262626,94.2705167252445,0.757575757575758,2.72962174658071,0,0
"717",141.949494949495,94.0146942202875,0.696969696969697,2.48034948761359,0,0
"718",142.171717171717,94.0386416889073,0.666666666666667,2.38190457150472,0,0
"719",142.424242424242,94.7508107669895,0.656565656565657,2.36108594939726,0,0
"720",142.454545454545,95.5279927696453,0.646464646464647,2.42568370884788,0,0
"721",142.727272727273,94.8660514514876,0.666666666666667,2.49079939630896,0,0
"722",142.30303030303,94.0359738529817,0.676767676767677,2.46538601865618,0,0
"723",142.080808080808,94.7333181446068,0.595959595959596,2.23569918716578,0,0
"724",141.939393939394,94.6665273022396,0.575757575757576,2.15279082792408,0,0
"725",141.575757575758,94.57165417637,0.555555555555556,2.10549437804135,0,0
"726",141.363636363636,93.8809987670512,0.565656565656566,2.1625835652681,0,0
"727",140.767676767677,93.6340933332696,0.525252525252525,2.03210675008562,0,0
"728",140.363636363636,93.377383809197,0.494949494949495,1.91329258552668,0,0
"729",140.737373737374,93.4933792110311,0.474747474747475,1.7690273722426,0,0
"730",140.909090909091,93.34193131172,0.484848484848485,1.76914389744592,0,0
"731",140.484848484848,93.4452107983618,0.535353535353535,1.95517696528322,0,0
"732",140.181818181818,93.1305166711535,0.515151515151515,1.88096608028328,0,0
"733",140.131313131313,93.0884642302573,0.484848484848485,1.76336665688246,0,0
"734",139.767676767677,93.3560037402171,0.454545454545455,1.65537299128013,0,0
"735",139.353535353535,93.893699461669,0.424242424242424,1.52590494455404,0,0
"736",138.878787878788,93.1698331583816,0.434343434343434,1.57247767682553,0,0
"737",138.767676767677,93.4011349276442,0.434343434343434,1.63608302869007,0,0
"738",138.727272727273,93.2458696554019,0.393939393939394,1.51737005171463,0,0
"739",139.525252525253,94.364722679692,0.383838383838384,1.47570163669777,0,0
"740",139.545454545455,94.6058712342165,0.424242424242424,1.67265467294254,0,0
"741",138.49494949495,94.2358497727663,0.404040404040404,1.61573381268478,0,0
"742",138.636363636364,93.5734410411126,0.404040404040404,1.59667506514537,0,0
"743",138.717171717172,93.2851717774687,0.424242424242424,1.65425184452688,0,0
"744",138.757575757576,93.3890360768822,0.444444444444444,1.73335949744774,0,0
"745",138.49494949495,92.9530684454031,0.444444444444444,1.73923641597616,0,0
"746",138.484848484848,93.1865983660088,0.434343434343434,1.74473912535461,0,0
"747",138.434343434343,93.1080304759226,0.444444444444444,1.7969487870584,0,0
"748",138.535353535354,93.1100197518509,0.434343434343434,1.76797829981151,0,0
"749",138.242424242424,93.195437712313,0.414141414141414,1.70239987274928,0,0
"750",138.191919191919,92.8923753782945,0.444444444444444,1.88561808316413,0,0
"751",137.747474747475,92.4105020352945,0.454545454545455,1.89129438061273,0,0
"752",137.909090909091,92.023964370988,0.464646464646465,1.88610997641313,0,0
"753",137.464646464646,92.056915971534,0.454545454545455,1.86958866627825,0,0
"754",137.171717171717,92.3610970763323,0.434343434343434,1.78520916376774,0,0
"755",137.393939393939,93.0400197174135,0.434343434343434,1.78520916376774,0,0
"756",137.484848484848,93.0215427798866,0.414141414141414,1.76710359703531,0,0
"757",138.59595959596,93.992717823865,0.383838383838384,1.70657235360927,0,0
"758",138.171717171717,94.3418707662419,0.373737373737374,1.62622549447949,0,0
"759",137.929292929293,93.907276513314,0.383838383838384,1.64569364264751,0,0
"760",137.919191919192,94.1500839159539,0.383838383838384,1.57601325169938,0,0
"761",137.464646464646,93.589563469625,0.373737373737374,1.57522825418179,0,0
"762",136.808080808081,93.150709218512,0.383838383838384,1.62698588674103,0,0
"763",137.111111111111,93.7269034285453,0.363636363636364,1.52164348216902,0,0
"764",137.292929292929,93.6299983026167,0.353535353535354,1.4936131463268,0,0
"765",137.20202020202,93.2313317526192,0.343434343434343,1.41537920325705,0,0
"766",136.787878787879,92.8770608008542,0.343434343434343,1.42257036812872,0,0
"767",136.69696969697,92.3397071759263,0.353535353535354,1.46603123357554,0,0
"768",136.676767676768,92.7375964843298,0.333333333333333,1.37023757808935,0,0
"769",136.181818181818,91.6132469296172,0.313131313131313,1.29083476112944,0,0
"770",136.393939393939,91.6604000781476,0.313131313131313,1.30654915983698,0,0
"771",135.777777777778,91.2078312466952,0.313131313131313,1.30654915983698,0,0
"772",135.888888888889,91.1479945807903,0.303030303030303,1.27338970303951,0,0
"773",135.737373737374,91.7637367638715,0.303030303030303,1.23267210541998,0,0
"774",135.343434343434,90.8326743350676,0.292929292929293,1.14510961290251,0,0
"775",136.282828282828,91.6327007404039,0.262626262626263,1.11195597646173,0,0
"776",135.949494949495,90.8964844897726,0.272727272727273,1.16774841624228,0,0
"777",136.181818181818,90.462120118049,0.252525252525253,1.12796940853939,0,0
"778",136.070707070707,89.954892610669,0.272727272727273,1.25208545886031,0,0
"779",135.424242424242,89.9561220601683,0.262626262626263,1.18309399445327,0,0
"780",135.343434343434,90.8844480102385,0.262626262626263,1.18309399445327,0,0
"781",135.49494949495,90.9716679081307,0.262626262626263,1.18309399445327,0,0
"782",135.555555555556,89.9783672666031,0.252525252525253,1.118886421106,0,0
"783",134.969696969697,89.6773643937037,0.252525252525253,1.118886421106,0,0
"784",134.959595959596,89.4727092346838,0.242424242424242,1.06991234707649,0,0
"785",135.606060606061,90.1918384223112,0.242424242424242,1.06991234707649,0,0
"786",134.949494949495,90.346201905348,0.222222222222222,0.995454521922232,0,0
"787",134.676767676768,90.3753881390404,0.202020202020202,0.914506647187968,0,0
"788",135.070707070707,90.6241681200668,0.212121212121212,0.982216644217612,0,0
"789",135.232323232323,90.8661078554178,0.202020202020202,0.947389517330067,0,0
"790",135.585858585859,91.6241223585787,0.191919191919192,0.876877201241133,0,0
"791",135.575757575758,91.4474412345627,0.202020202020202,0.968691500983419,0,0
"792",135.89898989899,91.3548246047308,0.191919191919192,0.922250659591907,0,0
"793",135.49494949495,91.0462288651136,0.191919191919192,0.986405220337739,0,0
"794",135.616161616162,90.5522407650161,0.202020202020202,1.06885212107689,0,0
"795",135.464646464646,89.8287842067765,0.202020202020202,1.04958493234229,0,0
"796",134.959595959596,89.224655601364,0.232323232323232,1.24399195177758,0,0
"797",135.121212121212,89.7261448857956,0.222222222222222,1.30583897150496,0,0
"798",134.727272727273,89.1950188713791,0.232323232323232,1.38378571854999,0,0
"799",134.727272727273,89.2351649114395,0.232323232323232,1.38378571854999,0,0
"800",134.727272727273,89.8730190587308,0.212121212121212,1.37226705969242,0,0
"801",134.575757575758,90.4235036843457,0.222222222222222,1.46771761975452,0,0
"802",134.474747474747,90.3041734559263,0.222222222222222,1.46771761975452,0,0
"803",133.848484848485,89.6448051736388,0.181818181818182,1.16376970479064,0,0
"804",133.949494949495,89.7703843870997,0.181818181818182,1.16376970479064,0,0
"805",134.191919191919,89.4544322224355,0.181818181818182,1.13716113018014,0,0
"806",134.161616161616,88.6176961033601,0.181818181818182,1.07251027647078,0,0
"807",133.979797979798,88.5787992092156,0.191919191919192,1.12192225417978,0,0
"808",133.929292929293,88.9820266792341,0.181818181818182,1.07251027647078,0,0
"809",133.909090909091,88.6941650646313,0.181818181818182,1.11907064542949,0,0
"810",134.090909090909,88.9845309772814,0.212121212121212,1.39439641885398,0,0
"811",135.040404040404,90.1365086276931,0.191919191919192,1.20945904315809,0,0
"812",135.060606060606,90.0169845857695,0.171717171717172,1.03055764615526,0,0
"813",134.686868686869,89.5776537441058,0.171717171717172,1.03055764615526,0,0
"814",134.434343434343,89.8560256137858,0.171717171717172,1.03055764615526,0,0
"815",134.191919191919,89.9369026854187,0.181818181818182,1.11907064542949,0,0
"816",134.131313131313,89.7201597786533,0.171717171717172,1.09768219667908,0,0
"817",134.262626262626,89.7442608998533,0.171717171717172,1.09768219667908,0,0
"818",133.757575757576,89.3607788353654,0.161616161616162,1.0662452785461,0,0
"819",133.79797979798,88.6472002847587,0.151515151515152,0.972726405770078,0,0
"820",133.363636363636,88.6931714631569,0.151515151515152,0.972726405770078,0,0
"821",133.535353535354,88.3134853607161,0.151515151515152,0.972726405770078,0,0
"822",134.121212121212,88.7505415594023,0.161616161616162,1.00718916516711,0,0
"823",133.676767676768,88.8578121567384,0.161616161616162,1.00718916516711,0,0
"824",133.454545454545,88.5109554763256,0.161616161616162,1.00718916516711,0,0
"825",133.464646464646,88.4996613773428,0.171717171717172,1.0501739801479,0,0
"826",133.575757575758,88.5421715399044,0.171717171717172,1.09768219667908,0,0
"827",133.464646464646,89.1780279897983,0.151515151515152,1.05331000498658,0,0
"828",133.353535353535,89.1154162355937,0.151515151515152,1.05331000498658,0,0
"829",133.020202020202,88.9175242476202,0.161616161616162,1.14915293299439,0,0
"830",133.151515151515,89.1662473475711,0.171717171717172,1.09768219667908,0,0
"831",132.787878787879,89.0642135612912,0.161616161616162,0.997006444896275,0,0
"832",132.767676767677,89.474523598167,0.171717171717172,1.08834647132285,0,0
"833",132.727272727273,88.6575408791096,0.171717171717172,1.08834647132285,0,0
"834",132.060606060606,88.6269201952906,0.171717171717172,1.08834647132285,0,0
"835",132.121212121212,88.9469312920399,0.171717171717172,1.08834647132285,0,0
"836",131.484848484848,88.1756553514658,0.161616161616162,0.997006444896275,0,0
"837",132.434343434343,88.8081125196872,0.141414141414141,0.880747606948165,0,0
"838",132.919191919192,89.2269151266243,0.141414141414141,0.880747606948165,0,0
"839",132.828282828283,89.5532039336189,0.131313131313131,0.790846416195637,0,0
"840",133.20202020202,90.3075222077636,0.151515151515152,0.861460984507896,0,0
"841",133.878787878788,90.4202515612145,0.161616161616162,0.900193524625096,0,0
"842",133.979797979798,90.6868327185937,0.171717171717172,0.969329707817327,0,0
"843",133.747474747475,90.7301834702081,0.191919191919192,1.06595523584811,0,0
"844",133.434343434343,90.0029661207558,0.181818181818182,1.00370371638163,0,0
"845",132.79797979798,88.7502779297723,0.161616161616162,0.877229761947428,0,0
"846",132.717171717172,88.7251017565779,0.161616161616162,0.877229761947428,0,0
"847",132.555555555556,89.2439013204964,0.171717171717172,0.9262653126378,0,0
"848",133.070707070707,89.5959470344789,0.161616161616162,0.877229761947428,0,0
"849",132.636363636364,89.3835412125921,0.161616161616162,0.877229761947428,0,0
"850",132.393939393939,88.9404545338631,0.161616161616162,0.877229761947428,0,0
"851",131.868686868687,88.710219191897,0.181818181818182,0.98316062967741,0,0
"852",131.323232323232,88.1532557286906,0.181818181818182,0.98316062967741,0,0
"853",131.666666666667,87.8433206316327,0.191919191919192,1.0466347205694,0,0
"854",131.919191919192,88.4682206019947,0.181818181818182,0.993485272670404,0,0
"855",132.585858585859,89.5109171429704,0.191919191919192,1.0466347205694,0,0
"856",132.020202020202,88.754187000743,0.191919191919192,1.0466347205694,0,0
"857",131.919191919192,88.6439422942301,0.202020202020202,1.1155651809989,0,0
"858",131.868686868687,88.6038703794438,0.181818181818182,1.03375318140948,0,0
"859",131.989898989899,88.7059456569155,0.171717171717172,0.979800104981895,0,0
"860",131.484848484848,88.3256224683166,0.181818181818182,1.0435774064915,0,0
"861",131.30303030303,87.4838124438067,0.171717171717172,0.979800104981895,0,0
"862",131.111111111111,87.253780561201,0.171717171717172,0.979800104981895,0,0
"863",130.737373737374,87.4455615912663,0.161616161616162,0.922585881263942,0,0
"864",130.858585858586,88.0464870373171,0.151515151515152,0.861460984507896,0,0
"865",130.252525252525,87.9406506075109,0.151515151515152,0.873225738909831,0,0
"866",129.939393939394,87.8654837134604,0.121212121212121,0.703819423628012,0,0
"867",130.363636363636,88.6492117608815,0.121212121212121,0.703819423628012,0,0
"868",130.272727272727,88.3919631333512,0.121212121212121,0.703819423628012,0,0
"869",130.808080808081,89.2269151266243,0.121212121212121,0.703819423628012,0,0
"870",131.282828282828,89.5782681831632,0.111111111111111,0.65291948575248,0,0
"871",130.777777777778,89.4787120453634,0.111111111111111,0.65291948575248,0,0
"872",130.656565656566,89.7032706632081,0.111111111111111,0.698232299934056,0,0
"873",130.646464646465,89.7652622610902,0.0909090909090909,0.590587896150757,0,0
"874",130.565656565657,89.7658134117476,0.0808080808080808,0.508634981518014,0,0
"875",130.606060606061,89.5523809984195,0.0808080808080808,0.508634981518014,0,0
"876",130.424242424242,89.5276825173098,0.0808080808080808,0.508634981518014,0,0
"877",130.454545454545,89.6468437050121,0.0909090909090909,0.590587896150757,0,0
"878",130.040404040404,88.8130252434648,0.0909090909090909,0.590587896150757,0,0
"879",130.111111111111,88.819800248029,0.0808080808080808,0.508634981518014,0,0
"880",130.535353535354,89.9915317026556,0.0606060606060606,0.373023548476495,0,0
"881",131.010101010101,89.9097614447448,0.0707070707070707,0.457422353230807,0,0
"882",131.333333333333,89.8123894912191,0.0707070707070707,0.457422353230807,0,0
"883",131.080808080808,89.2876201816785,0.0707070707070707,0.457422353230807,0,0
"884",130.868686868687,89.3007583285495,0.0707070707070707,0.457422353230807,0,0
"885",130.333333333333,89.1298067370259,0.0606060606060606,0.424220336910677,0,0
"886",130.434343434343,89.068439818818,0.0606060606060606,0.424220336910677,0,0
"887",129.929292929293,88.3196019712051,0.0606060606060606,0.424220336910677,0,0
"888",129.909090909091,88.8152279309715,0.0606060606060606,0.424220336910677,0,0
"889",129.929292929293,89.1585668992933,0.0505050505050505,0.331161757556801,0,0
"890",130.050505050505,89.171054805068,0.0606060606060606,0.424220336910677,0,0
"891",130.020202020202,89.0614302783426,0.0606060606060606,0.424220336910677,0,0
"892",130.353535353535,88.9795107269672,0.0606060606060606,0.424220336910677,0,0
"893",129.838383838384,88.7931219838963,0.0606060606060606,0.424220336910677,0,0
"894",129.838383838384,88.8995887447969,0.0505050505050505,0.331161757556801,0,0
"895",129.141414141414,88.1692493598175,0.0404040404040404,0.244080612277237,0,0
"896",128.787878787879,88.0563679310568,0.0404040404040404,0.244080612277237,0,0
"897",128.757575757576,87.7491892990158,0.0404040404040404,0.244080612277237,0,0
"898",128.646464646465,88.0142976709841,0.0404040404040404,0.244080612277237,0,0
"899",128.333333333333,87.3612018680875,0.0404040404040404,0.244080612277237,0,0
"900",128.161616161616,87.5385287850508,0.0404040404040404,0.244080612277237,0,0
"901",128.353535353535,87.8406852333911,0.0303030303030303,0.223814129085897,0,0
"902",127.868686868687,87.6768936661876,0.0404040404040404,0.282813557940452,0,0
"903",128.010101010101,88.6705085166536,0.0404040404040404,0.282813557940452,0,0
"904",127.30303030303,88.4075043616675,0.0404040404040404,0.282813557940452,0,0
"905",127.818181818182,88.7614739506109,0.0404040404040404,0.282813557940452,0,0
"906",127.808080808081,88.9753092060934,0.0404040404040404,0.282813557940452,0,0
"907",128.020202020202,89.3962720993717,0.0404040404040404,0.282813557940452,0,0
"908",127.89898989899,89.0083113465546,0.0404040404040404,0.282813557940452,0,0
"909",127.848484848485,89.0951524868805,0.0404040404040404,0.282813557940452,0,0
"910",127.494949494949,89.3235775416791,0.0505050505050505,0.360660883564347,0,0
"911",127.40404040404,89.3565341068586,0.0505050505050505,0.360660883564347,0,0
"912",127.030303030303,89.9627422365702,0.0505050505050505,0.360660883564347,0,0
"913",127.949494949495,90.4160873505547,0.0606060606060606,0.447628258171794,0,0
"914",128.262626262626,90.3354955275945,0.0606060606060606,0.447628258171794,0,0
"915",128.252525252525,90.0360861254115,0.0606060606060606,0.447628258171794,0,0
"916",128.252525252525,90.3281255986765,0.0606060606060606,0.447628258171794,0,0
"917",128.444444444444,90.3145548672066,0.0606060606060606,0.447628258171794,0,0
"918",127.585858585859,90.3376896169408,0.0606060606060606,0.447628258171794,0,0
"919",127.252525252525,89.9995854224401,0.0505050505050505,0.360660883564347,0,0
"920",127.676767676768,91.0065963389499,0.0505050505050505,0.360660883564347,0,0
"921",127.464646464646,90.7788648794548,0.0505050505050505,0.360660883564347,0,0
"922",127.454545454545,90.4871478896846,0.0404040404040404,0.316846448331433,0,0
"923",127.737373737374,90.9296191005277,0.0404040404040404,0.316846448331433,0,0
"924",128,91.5065515664962,0.0404040404040404,0.316846448331433,0,0
"925",127.989898989899,91.6064669927165,0.0404040404040404,0.316846448331433,0,0
"926",127.666666666667,91.1624475139555,0.0404040404040404,0.316846448331433,0,0
"927",127.050505050505,91.2434927774694,0.0404040404040404,0.316846448331433,0,0
"928",127.191919191919,91.6739649649865,0.0404040404040404,0.316846448331433,0,0
"929",127.343434343434,91.9606350583217,0.0404040404040404,0.316846448331433,0,0
"930",127.979797979798,92.9367768199062,0.0404040404040404,0.316846448331433,0,0
"931",127.858585858586,93.4802183702586,0.0404040404040404,0.316846448331433,0,0
"932",128.30303030303,94.1909106219108,0.0404040404040404,0.316846448331433,0,0
"933",127.969696969697,93.9663915760609,0.0404040404040404,0.316846448331433,0,0
"934",127.676767676768,94.4180703349311,0.0404040404040404,0.316846448331433,0,0
"935",127.929292929293,94.1143738100521,0.0404040404040404,0.316846448331433,0,0
"936",128.262626262626,93.7728024904338,0.0404040404040404,0.316846448331433,0,0
"937",128.060606060606,93.99976315448,0.0404040404040404,0.316846448331433,0,0
"938",127.858585858586,94.2255230058974,0.0404040404040404,0.316846448331433,0,0
"939",127.767676767677,93.8991891341865,0.0404040404040404,0.316846448331433,0,0
"940",127.424242424242,93.394936159224,0.0404040404040404,0.316846448331433,0,0
"941",127.080808080808,93.0250873302989,0.0404040404040404,0.316846448331433,0,0
"942",127.212121212121,93.1995087058165,0.0404040404040404,0.316846448331433,0,0
"943",127.737373737374,93.1191453010808,0.0404040404040404,0.402015126103685,0,0
"944",127.313131313131,92.7714600801397,0.0404040404040404,0.402015126103685,0,0
"945",127.828282828283,93.2131680725598,0.0404040404040404,0.402015126103685,0,0
"946",127.858585858586,92.804601629952,0.0404040404040404,0.402015126103685,0,0
"947",127.424242424242,92.1971148015845,0.0303030303030303,0.301511344577764,0,0
"948",126.838383838384,91.5651554649505,0.0404040404040404,0.402015126103685,0,0
"949",126.989898989899,91.6800664856108,0.0303030303030303,0.301511344577764,0,0
"950",127.121212121212,92.0971395694954,0.0303030303030303,0.301511344577764,0,0
"951",127.10101010101,92.0788808853134,0.0404040404040404,0.402015126103685,0,0
"952",126.808080808081,91.8101053492387,0.0404040404040404,0.402015126103685,0,0
"953",126.989898989899,92.0728964694573,0.0404040404040404,0.402015126103685,0,0
"954",126.686868686869,91.7735285367999,0.0404040404040404,0.402015126103685,0,0
"955",126.979797979798,92.4471144788683,0.0505050505050505,0.502518907629606,0,0
"956",127.414141414141,93.010314339271,0.0505050505050505,0.502518907629606,0,0
"957",126.262626262626,92.1927424053327,0.0505050505050505,0.502518907629606,0,0
"958",126.282828282828,92.0513433045064,0.0404040404040404,0.402015126103685,0,0
"959",126.242424242424,92.8251693204446,0.0404040404040404,0.402015126103685,0,0
"960",125.858585858586,92.5637133139633,0.0404040404040404,0.402015126103685,0,0
"961",125.949494949495,93.2936305695323,0.0404040404040404,0.402015126103685,0,0
"962",126.111111111111,92.7048078898592,0.0404040404040404,0.402015126103685,0,0
"963",126.545454545455,93.12743876848,0.0404040404040404,0.402015126103685,0,0
"964",127.252525252525,94.1757305963375,0.0404040404040404,0.402015126103685,0,0
"965",127.979797979798,94.8080746365272,0.0505050505050505,0.502518907629606,0,0
"966",127.656565656566,94.3358266845009,0.0505050505050505,0.502518907629606,0,0
"967",127.858585858586,94.7160105532462,0.0505050505050505,0.502518907629606,0,0
"968",127.141414141414,93.922461517848,0.0505050505050505,0.502518907629606,0,0
"969",126.89898989899,93.9254475254009,0.0404040404040404,0.402015126103685,0,0
"970",126.515151515152,93.6108274345816,0.0404040404040404,0.402015126103685,0,0
"971",126.666666666667,94.1811108060054,0.0404040404040404,0.402015126103685,0,0
"972",126.979797979798,94.3351580095855,0.0505050505050505,0.502518907629606,0,0
"973",127.222222222222,94.8751656238565,0.0707070707070707,0.703526470681448,0,0
"974",127.090909090909,94.456348941125,0.0606060606060606,0.603022689155527,0,0
"975",126.939393939394,94.2717325327745,0.0505050505050505,0.502518907629606,0,0
"976",126.848484848485,94.827917575799,0.0505050505050505,0.502518907629606,0,0
"977",126.393939393939,94.9888090274074,0.0404040404040404,0.402015126103685,0,0
"978",126.111111111111,94.2102391515791,0.0303030303030303,0.301511344577764,0,0
"979",125.949494949495,93.3895040356679,0.0303030303030303,0.301511344577764,0,0
"980",126.454545454545,94.2702663456676,0.0505050505050505,0.502518907629606,0,0
"981",126.535353535354,94.3092300903304,0.0404040404040404,0.402015126103685,0,0
"982",126.626262626263,94.7744460799801,0.0202020202020202,0.201007563051842,0,0
"983",126.79797979798,95.1650531593185,0.0101010101010101,0.100503781525921,0,0
"984",127.070707070707,95.7341400010458,0.0101010101010101,0.100503781525921,0,0
"985",127.414141414141,96.4915149173285,0.0101010101010101,0.100503781525921,0,0
"986",127.181818181818,96.4569655165478,0.0202020202020202,0.201007563051842,0,0
"987",126.575757575758,96.252547372502,0.0101010101010101,0.100503781525921,0,0
"988",126.767676767677,96.3395174267388,0.0101010101010101,0.100503781525921,0,0
"989",126.565656565657,96.6706128041075,0.0101010101010101,0.100503781525921,0,0
"990",125.949494949495,95.7176304039673,0,0,0,0
"991",126.30303030303,96.1947911680587,0,0,0,0
"992",126.454545454545,95.5762621804877,0,0,0,0
"993",126.060606060606,95.300257851528,0,0,0,0
"994",125.40404040404,94.2991245000066,0,0,0,0
"995",125.434343434343,94.0541704113029,0,0,0,0
"996",125.909090909091,94.7959237594635,0,0,0,0
"997",125.40404040404,95.0882424964284,0,0,0,0
"998",125.080808080808,94.7613195831309,0,0,0,0
"999",125.313131313131,94.9527967008835,0,0,0,0
"1000",125.474747474747,95.6135230204094,0,0,0,0
